:020000041000EA
:10000000002008205D0100101B0100101D010010E0
:100010001101001011010010110100101101001058
:100020001901001019010010190100101F01001022
:10003000110100101901001021010010230100100E
:100040001101001011010010110100101101001028
:100050001101001011010010110100101101001018
:100060001101001011010010110100101101001008
:1000700011010010110100101101001011010010F8
:1000800011010010110100101101001011010010E8
:1000900011010010110100101101001011010010D8
:1000A00011010010110100101101001011010010C8
:1000B00011010010110100101101001011010010B8
:1000C00011010010110100101101001011010010A8
:1000D0001101001011010010110100101101001098
:1000E0001101001011010010110100101101001088
:1000F0001101001011010010110100101101001078
:100100001101001011010010110100101101001067
:10011000EFF30580103800BE00BE00BE00BE00BE7A
:1001200000BE00BEF2EB88712C1001104C100110C3
:10013000A001001090A31AE7D3DEFFFF42012110B7
:10014000FF010000042A0100793512AB4FF00000D6
:100150001E49086006C881F3088810474FF05040D8
:10016000006810B14FF00000F2E70DA40ECC00299A
:1001700002D000F012F8F9E71549164A002000E015
:1001800001C19142FCD11449884714498847144958
:10019000884700BEFDE701C901C29A42FBD3704700
:1001A0004C10011010010020001C00203C2B0110FD
:1001B00000000820000008203C2B0110001008203F
:1001C00000100820000000007047000008ED00E06B
:1001D000001C00206C210020CD320010E102001034
:1001E000C5320010F8B500BF064B0749C91A89107F
:1001F00048BF0131491003D0044B0BB101481847E7
:10020000704700BF001C0020001C00200000000000
:1002100008B5054B1BB105490548AFF30080BDE8A3
:100220000840FFF7E1BF00BF000000002C210020C4
:1002300058EC00102DE9F04105264FF001084FF071
:100240000007052548EC4050042447EC404064205A
:1002500000F076FF47EC405048EC4040642000F04E
:100260006FFF013EEDD148EC405048EC4040FA2091
:1002700000F066FF47EC405047EC4040BDE8F0819D
:1002800010B50A2000F086FB4FF000040A2044EC71
:1002900044000121002200F069FB0B2000F07AFBF2
:1002A0000B2044EC44000121002200F05FFB0C20F5
:1002B00000F070FB0C2044EC44000121002200F00F
:1002C00055FB042000F066FB4FF00104042344ECCE
:1002D0004430052000F05EFB052344EC443010BDA3
:1002E000F0B5194B194F87B0D3E90023CDE90223AC
:1002F000CDE90423FFF7C4FF3B78FBB14FF0504535
:1003000002AE68686C68696880F4806081F480512E
:100310003B460F4AC1F300310096C0F3802000F045
:10032000BDFA84F4006004A9C0F3C02000F0E6FA2E
:100330000A2000F005FF3B78002BE2D1FFF77AFF9F
:10034000002007B0F0BD00BF08FF001065160020B8
:100350006416002070B507210446002286B0214BA8
:1003600002ADCDE9005193E803000B0C0290ADF80B
:100370000C10204669468DF80F208DF80E3003F0E2
:1003800051FA0098A84203D00299013101F0B4FB60
:1003900000200DF0B1F80123134904F6C412C4F88B
:1003A000C40980EA907001FB00300133B3F51C7F73
:1003B00042F8040FF5D104F58052002101260225F0
:1003C0002046C2F884334FF48973C2E9E265C2E97A
:1003D000E511A2F89033C2F89C1382F8A01306B07E
:1003E00070BD00BF58EC00106589076C00F58053A4
:1003F00010B500210446D3E9E50290424FF0010216
:1004000018BFC3F8980383F8A01383F8912320B191
:10041000D3F89C13091A01F06FFB204603F08EF904
:10042000204610BD2DE9F84F384B4FF05044D3E92A
:100430000067DFF8DC8000F5805507E01BF4805092
:100440004BD0D5F89823521A93422FD06068636836
:1004500000F4806A13F40069D4F804B006D156EAB7
:1004600007032ED100F05EFF06460F4695F8A03335
:10047000D5F89413BAF1000FE0D1CA5C012A41D13A
:100480000133DBB285F8A03362685005D9D40A2065
:1004900000F056FE63685905F9D595F8A033D5F8F4
:1004A0009413D5F89823521A9342CFD101200022F9
:1004B00095F8913385F8A023034485F89133BDE87E
:1004C000F88F00F02FFF801B61EB0701804579EB6F
:1004D0000101CBDA0A20BDE8F88FCA5C022AEED10E
:1004E0000133DBB285F8A0336268D204A9D40A20B4
:1004F00000F026FE6368DB04F9D595F8A033D5F843
:100500009413CEE75046BDE8F88F00BF08FF0010F7
:10051000BFC62D008446024670B5234C056800F521
:10052000637605F000405568D2F8343625F0004176
:10053000014341F3000083EA510300EA04014B4008
:1005400042F8043B9642ECD1DCF88C431648ACF1FF
:1005500004020CF22C6604F00045D2F8944352F8E1
:10056000043F24F00041294341F3000E83EA510384
:100570000EEA00014B40B242C2F88C33EBD1DCF8FA
:10058000BC39DCF80010DCF8302661F31E030021D2
:1005900082EA530243F3000303405340CCF8BC39D2
:1005A000CCF8C01970BD00BFDFB008992DE9F84F35
:1005B00000F58054D4E9E278A8EB07056B1C0646E9
:1005C000D4F8842300F6C41945D0B2F51C7F05F198
:1005D000010564D206EB8203D3F8C439DFF84CA1DD
:1005E00083EAD3230AEAC311DFF844B14B400BEA94
:1005F000C3314B4083EA9343A3FB051301328D4281
:10060000C4F884233DD9781EA0EB0808B8FBF5F0A8
:1006100005FB1088414515D333E006EB8203D3F880
:10062000C439013283EAD3230AEAC3114B400BEAEF
:10063000C3314B4083EA9343A3FB05138845C4F8B9
:1006400084231ED9B2F51C7FE7D34846FFF762FF2B
:10065000D4F88423E1E7B2F51C7F4BD206EB820687
:10066000D6F8C4393149013283EAD323C4F884234C
:1006700001EAC3112E4A4B4002EAC332534083EAD7
:1006800093431F44D4E9E6518D42FFB20DD02F7041
:10069000D4F898330133C4F89833BDE8F88F48464E
:1006A000FFF738FFD4F8842394E76FF00043D4F8C1
:1006B0009493A5EB09059D4235D0012D2E4638BFF8
:1006C0000126AE192DD29E4228BF1E46304601F0AB
:1006D0000FFA002D475505F10107804607440FDC4E
:1006E000B9F1000F18D14644C4E9E587C4F89C630A
:1006F000BDE8F88F4846FFF70DFFD4F88423ADE737
:1007000049462A460DF0F4F8D4F89C13A1EB0901F0
:10071000484601F0F1F9E6E7D4F89C13A1EB090192
:10072000F6E71E46D2E7034802F06AFF80562C9D8A
:100730000000C6EF60EC00102DE9F84F4FF0010902
:100740004FF00008074600F580563846FFF72EFFA9
:10075000D6E9E545AC4202D11BE0A54219D014F818
:10076000013B012B33D0022BF7D1FA2000F0E8FC3B
:100770004FF0050A49EC40A04FF4FA7096F8913317
:10078000B0FBF3F0643000F0DBFC48EC40A0A54285
:10079000E5D13846FFF746FE01283CD00A281CD098
:1007A00005244FF001074FF00006042547EC4050A8
:1007B000642000F0C5FC46EC4050642000F0C0FC12
:1007C000631E13F0FF04F0D10020BDE8F88FFA207B
:1007D00000F0B6FC4FF0040ACCE708244FF0010803
:1007E0004FF00007042648EC4060052547EC4050D8
:1007F000552000F0A5FC47EC406048EC40505520E7
:1008000000F09EFC631E13F0FF04EBD147EC406048
:1008100047EC4050D8E7044605254FF0000A4FF05A
:10082000050B44EC40B0642000F08AFC4AEC40B078
:10083000642000F085FC6B1E13F0FF05EFD196F8E5
:10084000912396F890339A427FF67FAFD6E9E5324E
:10085000934218BFC6F8983301230027082498460E
:1008600086F8A07386F89133042648EC406005258D
:1008700047EC4050552000F063FC47EC406048ECEA
:100880004050552000F05CFC631E13F0FF04EBD1D8
:1008900047EC406047EC4050012096E72DE9F041DD
:1008A000069E08B10D4639B9124B0020D3E900234A
:1008B000C6E90023BDE8F0811C46D6E9007857EA76
:1008C000080310D000F02EFD00230B4AC01B61EB83
:1008D000080182428B4103DA237883F001032370FD
:1008E0002846BDE8F08100F01DFDC6E9000128465C
:1008F000F7E700BF08FF00103F4B4C00F0B5ADF527
:100900009D5D04460D4683B068B1D1E9006756EAA3
:10091000070312D100F006FDC5E9000120460DF5E0
:100920009D5D03B0F0BD0F4BD3E90023C1E9002367
:1009300020460DF59D5D03B0F0BD00F0F3FC0023F3
:10094000094A801B61EB070182428B41F0DA01A862
:10095000FFF700FD01A8FFF7EFFE01A8FFF746FD36
:10096000E6E700BF08FF00103F0D030010B4084C7D
:10097000C90041EA820154F8202004EB8003514071
:1009800003F5805301F00C015DF8044B19607047CA
:100990000480034030B44FF0000343EC440043ECC8
:1009A000400005254FF480740B4BC20053F8201013
:1009B00003EB800081F0400102F1804303F5203316
:1009C00001F0C00200F5805100F540500A605D6002
:1009D000046030BC704700BF048003400FB400B512
:1009E00083B0049C074802F0D5FD3CB105A9204620
:1009F000019102F0E7FB044802F0CCFD012002F077
:100A0000F9FB00BF7CEC001098EE001070B5864634
:100A1000EFF3108572B6124CD4E8CF6F0120002E90
:100A2000FAD1C4E8460F002EF6D1BFF35F8F4FF026
:100A3000010CC80801F007030CFA03F31EF800C00C
:100A40001CEA030608D14CEA030C0EF800C0C4E807
:100A50008F6F85F3108870BD1046FFF7BFFF00BF92
:100A6000D3200020044A1078431CDBB2182B28BF87
:100A700010231370704700BF661600204FF0E0226D
:100A8000936843F000539360704700BF0021044B0C
:100A900003F12002C3E88F1F01339342FAD170475C
:100AA000C82000204FF0E0234FF08032C3F800242C
:100AB000C3F80424C3F80824C3F80C24C3F8102492
:100AC000C3F81424C3F81824C3F81C24C3F8202442
:100AD000C3F82424C3F82824C3F82C24C3F83024F2
:100AE00062B67047012300F01F029340400941B1F4
:100AF000800000F1604000F56140C0F88031036083
:100B00007047024A203042F82030704700E100E090
:100B1000F8B50D46EFF3108772B6124ED6E8CF2F18
:100B20000123002AFAD1C6E8423F002AF6D1BFF3DA
:100B30005F8F0D4B00F110049B680C4A53F8243072
:100B4000934203D0994201D000F034FD064B9B68DC
:100B500043F82450BFF35F8F0023C6E88F3F87F32D
:100B60001088F8BDD120002000ED00E01101001038
:100B7000014B0B4403607047C820002070B5104C37
:100B8000104DAC420ED2FF26236863B1FFF76AFF17
:100B900001462046FFF7ECFFA680BFF35F8F0834C5
:100BA000AC42F1D370BDFFF75DFF01462046FFF771
:100BB000DFFF2671BFF35F8F0834AC42E4D370BD12
:100BC000F81B0020001C00200D4B1A68EFF3108169
:100BD00072B6D2E8CFCF0120BCF1000FF9D1C2E844
:100BE0004C0FBCF1000FF4D1BFF35F8F00221B68E4
:100BF000C3E88F2F81F3108840BF00200021704789
:100C000064210020000000002DE9F04F2DED028B43
:100C100085B0EFF30583DBB2103B9A0818BF0122C1
:100C20004FF0010103F0030B18BFAF4DAF4B08BFEE
:100C3000AF4D0BEB820253F8226001FA0BF205F57F
:100C400041539FEDA78B01925A602FE0B3881C049B
:100C500040F19380B379002B40F0DD80B6F9082095
:100C6000002AC0F21E81736902EB420203EBC20349
:100C7000D3E90247B7F1FF3F08BFB4F1FF3F0ED001
:100C800005EB8B01AB6A0A69D21AE31A934205D3CA
:100C900001232A6A03FA0BF3134200D10C612846A0
:100CA00000F038FBA042B941C0F2FB80B6F9083031
:100CB000019A002B0093EA63C8DBD6F8148003EB9B
:100CC0004309284608EBC907D7E9024A00F022FB8E
:100CD000A04271EB0A01B9DBBAF1000FC0F2C38088
:100CE000D7E90431834A934200F0ED807A88B6F95F
:100CF000080092B242EA0040984702460B4652EA88
:100D0000030100F0B080002B80F2D180B4EB020E22
:100D10006AEB030A38F93930C7E902EA002B95DBA0
:100D2000716903EB430201EBC202D2E90270BE45D6
:100D30007AEB000C4FEA430288DBB4462CF8083FFC
:100D400006E003EB430001EBC0005A00D0E902705B
:100D5000BE451A447AEB000001EBC20404DB31F912
:100D60003230A446002BECDA28F83930009BACF87E
:100D70000030B3881C043FF56DAF3369EFF3108288
:100D800072B6D3E8CF0F01210028FAD1C3E8401F83
:100D90000028F6D1BFF35F8F4FF6FF74B0880023B1
:100DA000316900B2B480C1E88F3F82F31088984265
:100DB000FFF650AF0746A946746906F1080807EB2D
:100DC000470E04EBCE03D3E90250B6F90830C4460F
:100DD000002B13DBB246009704E034F9363094461A
:100DE000002B09DB03EB430604EBC602D2E90271D8
:100DF000BD4270EB0101F0DA5646009FACF800707E
:100E000034F93E7024F83E30002FD8DAB3794D46DD
:100E1000002B3FF423AF0023B371B6F9083006F17D
:100E20000808581C3DD01A46776903E08046591CD3
:100E30003FF416AF03EB430107EBC100B0F802C06B
:100E40001C461CF4004F9E4637F93130EED09442D8
:100E500080ED028B05D0A8F80030328927F83120C8
:100E600034817246E3E738F8393033813369EFF380
:100E7000108272B6D3E8CF0F01210028FAD1C3E85F
:100E8000401F0028F6D1BFF35F8F7388316928F8BF
:100E90003930009B73800023C1E88F3F82F31088B4
:100EA000D4E640BF05B0BDEC028BBDE8F08F28460C
:100EB000CDE9022300F02EFA029A039B10EB020EFA
:100EC00043EB010A26E708460B6902919847002880
:100ED000C9D00299D1E9002311E700BFAFF3008028
:100EE000FFFFFFFFFFFFFFFF00800B4044210020BA
:100EF00000000B40090C00102DE9F84F364C256915
:100F00002DB1BDE8F84F0A213448FFF731BEDFF8B4
:100F1000E4800321404600F0EBF90326C4F80C807E
:100F2000FFF7A0FD4FF0504C2D4B2670034423617A
:100F3000DCF800300F216370636961801D834FF01E
:100F40000405A3F878504FF00505A3F890504FF032
:100F50000605A3F8A8504FF007050E214FF6FF72C3
:100F600008274FF00A0EA3F8C0504FF001094FF0C8
:100F70000C0C4FF0020B4FF0090A0D204FF00B053F
:100F8000A3F868111749A280A3F808E1A160A3F8AB
:100F900048B0A3F8F0A0A3F82051A3F838C1A3F8F3
:100FA0005001A3F83090A3F86060A3F8D8701A80BD
:100FB0000D4B3046C8F820700C49DC60FFF7A8FDE7
:100FC00049463046FFF78EFD094B0A211F6403484E
:100FD000BDE8F84FFFF7CCBD681600206421002063
:100FE000C8200020FFFF100044210020090C001041
:100FF00000200B4000000B400146F0B50069EFF304
:10100000108772B6D0E8CF5F0124002DFAD1C0E876
:10101000454F002DF6D1BFF35F8FB1F902E04C6967
:101020000EEB4E0CBEF1000F4FEACC05086904EB45
:10103000CC0C3CDB665B4E800026C0E88F6F87F3EC
:101040001088BCF80200CCE902230130C0F30E0086
:10105000012838BF0120059BACF80200CCF8103005
:10106000069B40EA0E40CCF814300B69EFF3108277
:1010700072B6D3E8CFCF0127BCF1000FF9D1C3E896
:101080004C7FBCF1000FF4D1BFF35F8F8B886353AB
:10109000A1F804E00B69C3E88F6F82F31088012286
:1010A000CB68097803F501538A405A60F0BD0023EC
:1010B000C0E88F3F87F310884FF0FF30F0BD00BFCE
:1010C00003464089B0EB214F37DD58690A1402EB23
:1010D000420210B500EBC2001C69EFF3108C72B62F
:1010E000D4E8CFEF0122BEF1000FF9D1C4E84E2FB2
:1010F000BEF1000FF4D1BFF35F8F428889B292B284
:101100008A4207D000221B69C3E88F2F8CF3108816
:10111000002010BD42F400424280012100221869E3
:101120009971C0E88F2F8CF310881C78DA68084614
:1011300002F50153A140596010BD0020704700BF67
:101140002DE9F04182B0064600F0ECF84FF47A73D6
:1011500004464FF0FF306FF00042E6FB0341A0422F
:1011600072EB01033ABF044615460D46A61F45F132
:10117000FF37B44275EB07033CBF0026374600F04B
:10118000D1F8301A67EB0101012871F1000106DA8C
:101190002046294602B0BDE8F04100F0FBB800F05F
:1011A000C1F8864267EB010100290ADB0021174BD9
:1011B0003246009316483B460191FFF71DFF013070
:1011C000E6D04FF0000C134A1349536A9F4204D8EB
:1011D000906AB042DCD29F42DAD10B68EFF3108004
:1011E00072B6D3E8CF8F5FF0010EB8F1000FF8D1DF
:1011F000C3E848EFB8F1000FF3D1BFF35F8F0B687E
:10120000C3E88FCF80F3108820BFDEE7C90B001042
:101210006816002000000B40642100202DE9F043F7
:1012200006460D4683B0EFF30584E4B23CB12D4B86
:101230005A6AAA421CD2002003B0BDE8F0832A4FAC
:10124000D7F80C9097F80080484600F063F808F152
:10125000040859F828301B1A301A65EB010198422E
:1012600071F1000110DB20BF1E4B5A6AAA42E2D383
:1012700014BF012400249B6AB34234BF204644F0CB
:10128000010003B0BDE8F08300F04CF8864265EB46
:101290000101002914DB154B3846CDE900343246F4
:1012A0002B46FFF7A9FE011E0ADD0E4B5A6AAA4221
:1012B00016D39B6AB34211D30B48FFF701FFB6E781
:1012C000084B5C6AAC42B6D3641B18BF01249B6A0E
:1012D000B34234BF204644F00100ADE7AA42EBD14F
:1012E00020BFE9E700000B4068160020C90B001082
:1012F00010B4054B054C064AA04214BF1846581CB2
:101300005DF8044BFFF782BBE820002000800B4013
:101310008CEC00100346416A0A46986A596A8A4270
:10132000FAD17047034B596A0A46986A596A914242
:10133000FAD1704700000B4030B4154A536A9C46FE
:10134000946A536A6345FAD1021959414FF0000576
:1013500028BF01250E4B5B6AB5B15A1C08BF1A465F
:1013600008D04FF0FF310A460948436A8B42FCD34C
:101370008B4207D1064902E0486A984202D1886A46
:101380009042F9D330BC70479942EDD8F0E700BFE6
:1013900000000B40074A536A9942FCD8994207D192
:1013A000044B02E05A6A914202D19A6A9042F9D8FB
:1013B000704700BF00000B4000EB400C4FEA8C0C64
:1013C0000CF1804C0CF5803CF0B51646DCF804209E
:1013D000051FB2F5803F38BF4FF48032EDB238BF01
:1013E000CCF80420012D2AD94FF40067254C0CF5C8
:1013F0004052176054F82020B2B9DCF80020012DCB
:1014000082EA461202F0E0020CF5805632602AD9D8
:101410004FF4006144F820304FF480330CF5005253
:101420001160CCF80430F0BD6769B7FBF2FE0EF135
:10143000010E0EEB4E0EBEF1030EFCD2DDE70129CC
:10144000D2D103240CF540521460DCF80820D207F6
:10145000FBD5DCF800200B4C82EA461202F0E002D9
:101460000CF5805632600122DCF800504D4005F04A
:101470000305356002FA01F1DCF808200A42FBD0CE
:10148000C6E700BFEC200020014B53F82000704756
:10149000EC20002070B4039D04682D0345EA034549
:1014A0001B4B002CB3FBF1F3B2FBF3F61FDB194A25
:1014B000194B904214BF4FF480424FF40042174C36
:1014C0001A6003F580531A60A36832EA0303FBD164
:1014D000212200F540530433016086601A600268DF
:1014E000002AFCDA0822C5601A6070BC70470368E5
:1014F00003F03F038B42DAD18368C3F30B03B3429B
:10150000D5D1C36803F4EE23AB42D0D1EDE700BFE1
:10151000001BB70000800540002002400000024090
:10152000012300EB4000800000F1804000F58410B2
:1015300041600360704700BF0023DB8A002242E85D
:1015400000F2520201D4102118470421184700BFAD
:10155000034AD2F82838002BFBD0BFF35F8F7047C7
:1015600000000E400021044B044ABFF35F8F43F894
:10157000041B9342F9D170470C080E402C080E4012
:1015800010B44FF48D704FF42A64064A064B074995
:101590001460D06019605368002BFCDA5DF8044BCE
:1015A000704700BF0080044000A0044000B0FA0073
:1015B000704700BF08B50148FFF710FAB0EC001003
:1015C00038B5054C054DAC4204D254F8043B98475D
:1015D000AC42FAD338BD00BF08EC001048EC001054
:1015E00010B40748074C084B084A094904601A60C0
:1015F0008B6832EA0303FBD15DF8044B704700BFF0
:10160000002002407F3BEFEF00300240F6FFF30383
:1016100000000240044BDB6CB3F5004F03D14FF4E4
:101620008022024BDA6470470000115000201150F4
:101630004FF0E022044BD2F8881D0B43C2F8883DDE
:1016400010EE3004704700BF030330006FF06041BC
:10165000044B054A19609368DB4333F06043FAD1C9
:10166000704700BF003002400000024010B545F254
:101670005320FFF761FFBDE81040034604201847E0
:1016800010B545F25320FFF757FFBDE81040034661
:1016900001201847FFF7FAB91449154B70B55C1AC9
:1016A000A610442E324628BF4422124D92002846EE
:1016B0000CF01EF9B4F5867F13D80F4AC6F144002A
:1016C00012D02B19410803EBC101C3E900220833F2
:1016D0008B42FAD1C30704D520F00100304445F80D
:1016E0002020064B9D6070BD4320F8E700000010ED
:1016F00010010010000000201101001000ED00E0BA
:10170000002370B52B4C82B0C4F88430FFF738FF4B
:101710000122294BDA63636C012BFCD10321264A99
:10172000244B11639C6B012CFCD10226052521461C
:101730000523224A22480096FFF7ACFE21462B469D
:10174000204A21480095FFF7A5FE002204203146DB
:101750001E4BFFF731FE2146284600221C4BFFF7A7
:101760002BFE0022082011461A4BFFF725FE00220F
:1017700009201146174BFFF71FFE002206201146D5
:10178000134BFFF719FE0022114B07201146FFF7FC
:1017900013FE0420FFF778FE00240F4BA3FB003557
:1017A000AD0CE0B229460134FFF7BAFE062CF8D1A1
:1017B00002B070BD0000014000300140002F6859A8
:1017C00000000540008C864700800540001BB700E4
:1017D00080D1F008006CDC0283DE1B4386B003B4CA
:1017E00051FC0804CDE9020151FC0904CDE90401D2
:1017F00051EC0A04CDE9060103BCF047BDE80050F6
:101800004EEC00C4BDE800504EEC01C4BDE80050F1
:101810004EEC02C400BD000000B5FFF7DFFF02E0A0
:1018200010FE30F4F8D441EC100443EC112400EE27
:10183000010410EE010480EE200451EC1004704706
:1018400000B5FFF7CBFF02E010FE30F4F8D441EC16
:10185000100443EC112400EE010410EE210480EE8C
:10186000200451EC3004704700B5FFF7B7FF02E0E9
:1018700010FE30F4F8D410B541EC100443EC112400
:1018800051EC040453EC0524A0FB024C5FF0000E65
:10189000E0FB03CEE1FB02CE4CEC20440024E1FB54
:1018A00003E444EC30E480EE200451EC5004BDE845
:1018B0001040704700B5FFF791FF02E010FE30F4D2
:1018C000F8D441EC100443EC112451EC2104A0FBAA
:1018D00001126FEA820252FB100052FB12F252FB1D
:1018E0001000A0EBD07C53EC04245CFB13F153EC10
:1018F0001524A1FB022001FB030053EC4424A2EBBE
:10190000000050FB1CF24FEA111312EB017043EB85
:10191000E27140EA515020EA915020F0070053EC68
:101920007524A0FB023C53EC752400FB03CC01FBA7
:1019300002CC53EC0424ACEB824C40EA5C70A0F186
:10194000010041EC400480EE200451EC700470472B
:1019500000B5FFF743FF02E010FE30F4F8D440EC8E
:10196000700400EE010410EE210480EE200451EC1E
:101970003004704700B5FFF731FF02E010FE30F48D
:10198000F8D440EC600400EE010410EE210480EE77
:10199000200451EC3004704700B5FFF71FFF02E050
:1019A00010FE30F4F8D441EC800400EE010410EE97
:1019B000010480EE400410EE1304704700B5FFF7F9
:1019C0000DFF02E010FE30F4F8D441EC800400EE8C
:1019D000010410EE010480EE400410EE3304704761
:1019E00000B5FFF7FBFE02E010FE30F4F8D441EC46
:1019F000100443EC112400EE010410EE3004C0F397
:101A00000070704700B5FFF7E9FE02E010FE30F409
:101A1000F8D443EC102441EC110400EE010410EE64
:101A200030F48CBF01200020704700BF00B5FFF7E5
:101A3000D5FE02E010FE30F4F8D443EC102441EC63
:101A4000110400EE010410EE30F42CBF0120002040
:101A5000704700BF00B5FFF7C1FE02E010FE30F492
:101A6000F8D441EC100443EC112400EE010410EE14
:101A700030F42CBF01200020704700BF00B5FFF7F5
:101A8000ADFE02E010FE30F4F8D441EC100443EC5B
:101A9000112400EE010410EE30F48CBF0120002070
:101AA000704700BF10B504460AF024FC28B1034675
:101AB000034A2344934200D810BD0248FEF78EFF2C
:101AC00000000820BCEC001010B50C460AF066FFC0
:101AD00028B10346034A2344934200D810BD02486C
:101AE000FEF77CFF00000820BCEC00100AF00ABCE6
:101AF000FFF7D8BFFFF7FABFFFF7F8BF9A4238BF2A
:101B000088547047704700BF2DE9F04F83B0994665
:101B1000DDE90DAB0F9B884611469A07074616D1A3
:101B2000DA453AD20C460D46ABEB0A060E44224685
:101B30004B46414620200134B847B442F7D12946EC
:101B4000BAF1000F08D1204603B0BDE8F08F0C4673
:101B5000BAF1000F10D00E4655460C9B2E449A4405
:101B60000191721B4B46013D41461AF8010D344666
:101B7000B847002DF5D101990F9B9B07E3D5651A56
:101B8000AB45E0D922464B46414620200135B847B7
:101B90005D4504F10104F5D3D5E70C46BAF1000F19
:101BA000D9D1D0E72DE9F04F0F9FDDF8248017F051
:101BB000020F0A9C9DF82CA00E9DDDE90C9644D1E5
:101BC000F5BBB44241D207F0010B04F1FF3C4FF0EA
:101BD000300EC44404E00134A6420CF801EF01D9F0
:101BE000202CF8D1BBF1000F00F08880A5422CD941
:101BF00004F1FF3C4FF0300EC44404E00134AC4229
:101C00000CF801EF21D0202CF8D117F0100F0ED0D6
:101C100017F4806F54D1A64263D0A54261D0B9F1C8
:101C2000100F50D0B9F1020F56D0202C29D120240A
:101C3000CDE90B57CDE90984BDE8F04FFFF764BF4C
:101C400017F0010B34D1B442BFD317F0100F1ED0E0
:101C500017F4806FE3D1002CDDD1B9F1100F63D000
:101C6000B9F1020F77D0302488F800400124BAF18E
:101C7000000F11D17E0748D52B2608F804600134E7
:101C8000D6E7264601344FF0300C08F806C0202C69
:101C9000CDD0BAF1000FEDD02D2608F80460013444
:101CA000CDE90B57CDE90984BDE8F04FFFF72CBF14
:101CB000BAF1000F30D0B44205F1FF3585D395E776
:101CC000B9F1100FB3D1BE063BD5202CAFD05826AA
:101CD00008F804600134A8E7202CA8D02646013477
:101CE00007E0661EB9D0B9F1100F36D0B9F1020F76
:101CF000C9D14FF0620C08F806C096E717F0100F34
:101D0000C5D017F4806F86D089E73E0790D520268E
:101D100008F8046001348BE717F00C0F00D0013D88
:101D2000B442FFF452AF61E7BC0612D4782488F8BD
:101D30000040302488F801400224BAF1000F99D005
:101D4000AAE7202C3FF473AF782608F8046001342A
:101D50006BE75824EBE76224E9E717F0200FA4F1C2
:101D6000020C04D04FF0580E08F80CE08BE74FF04F
:101D7000780E08F80CE086E700B9704701F0C8BBA0
:101D80002DE9F04F97B09DED207BDDE9225B074602
:101D9000884651EC170B249C99460C920B46024640
:101DA0008DED047B0794FFF71FFE002840F0F481BF
:101DB000DDE904014FF0FF326FF48013FFF726FED8
:101DC000002840F01B81DDE904014FF0FF32AC4BED
:101DD000FFF758FE002840F0EE80DDE90401A4A3DF
:101DE000D3E90023FFF74EFE002840F0D380DDE961
:101DF0000401A1A3D3E90023FFF708FE002840F067
:101E0000C980DDE9040100220023FFF7FFFD00285F
:101E100040F0E88023460D9013F4806F08BF06253C
:101E200030212B460EAAA5F1200605E0013BB34266
:101E300002F8011B00F09381092BF7D81E46ED1A1A
:101E4000DDE90401FFF7ACFD8E4B044603EBC6034E
:101E500093ED007B8DED087BFFF77EFD02460B4680
:101E6000DDE90401FFF7F0FCDDE90823FFF700FDE1
:101E700002460B46CDE90A23FFF7A4FD8246FFF791
:101E80007DFD02460B46DDE90A01FFF7DDFC024657
:101E90000B46CDE90A2300227B4BFFF7F3FD002818
:101EA00000F0FE800AF1010A5046FFF767FD024686
:101EB0000B46DDE90801FFF7BDFD10B14FF0000A48
:101EC0000134002E00F0FD80681E0EABDFF8CCC19F
:101ED00018440FE0ACFB0A21C90801EB8102AAEB10
:101EE00042023032BAF1090F00F8012F40F21C8192
:101EF0008A461D46202D05F1010306F1FF36E9D182
:101F00002025691E0EAB6148194410E080FB046275
:101F1000C3EBA20303EB8302A4EB420404F13002FF
:101F200001351C4601F8012F002B00F0EB80202D1D
:101F30004FEAE473EAD1079B03F00303012B18D1A6
:101F4000BBF1000F15D00D9B002B00F00A810BF1A7
:101F5000FF3BBBF1200F0CD96B1E0EA930220B44A6
:101F600005E001355D4503F8012F80F0D180202D7B
:101F7000F7D1079B0EACCDE902B341464B4638463C
:101F80000C9A01950094FFF7BFFD8246504617B0AA
:101F9000BDE8F08F079B9DED047BCDE923B341465F
:101FA0004B4638460C9A8DED207B229517B0BDE844
:101FB000F04F00F045B9610723464CBF04230323CB
:101FC0004146219338464B46079A48BF304CCDE9ED
:101FD00022B258BF2F4C0C9A209417B0BDE8F04F96
:101FE000FFF792BDDDE9042300200021FFF72CFC60
:101FF0000123CDE904010D9323460DE723469C07F9
:1020000040F0AA80BBF1040F40F2A6800C9B1D4655
:102010001C1F04EB0B0A2A464B4641462020013583
:10202000B847AA45F7D155461B4C261F14F8010D99
:102030002A464B464146B847B44205F10105F5D161
:10204000079B0AF1040A9807A0D50C9CAAEB04038D
:102050009B459BD952464B46414620200AF1010A36
:10206000B847AAEB04035B45F4D38FE7AFF30080D6
:102070000000000065CDCD410000000065CDCDC160
:10208000FFFFEF7F70FF00100000E03F67666666AD
:1020900010ED001018ED001024ED0010CDCCCCCCCC
:1020A0000022DDE90A01634BFFF7B0FC00287FF452
:1020B00008AFBAF1000F6AD10AF1010A002E7FF4CD
:1020C00003AF2046FFF748FC02460B46DDE904015A
:1020D000FFF7BAFB02460B46CDE904230022554B1D
:1020E000FFF794FC00287FF40CAFDDE90401002227
:1020F000504BFFF7C7FC00287FF403AF013424F0F6
:102100000104FEE6079B03F00303012B00F082802D
:10211000202D3FF42EAF0D9B7BB32D220DEB05033D
:1021200083F83820013524E7202B3FF4E9AE0EAACE
:1021300015441E44302204E0202B05F8012F3FF403
:10214000DFAE9E4203F10103F6D12E220DEB060312
:1021500083F83820751CD4E6DDF830A063E720252D
:102160006EE6079B13F00C0F50D00BF1FF3BAB4515
:102170003FF6F2AE202D3FF4FCAE079B5A0701D587
:102180002B22CBE71B077FF5F4AE2022C6E71AF01F
:10219000010F3FF496AE8FE7A60734D1BBF1030FD2
:1021A00031D90C9B1D46DC1E04EB0B0A2A464B461C
:1021B000414620200135B8475545F7D155461E4CBC
:1021C000E61E14F8010D2A464B464146B847A64282
:1021D00005F10105F5D1079B0AF1030A9D077FF57B
:1021E000D5AE0C9CAAEB04039B457FF6CFAE5246BE
:1021F0004B46414620200AF1010AB847AAEB0403E6
:102200009B45F4D8C2E6DDF830A0D7E7AB453FF6F2
:10221000A3AEAEE6BBF1000F3FF47AAF0D9B002BEF
:102220009FD00BF1FF3B5D45FFF496AE202D7FF470
:1022300074AF9EE60000E03F1FED001000000000BC
:102240002DE9F04F9FB02A9EDDE9284507469346C9
:102250000891099322462B46204629460E96DDE931
:102260002BA6FFF7C1FB002840F0BE802046294680
:102270004FF0FF32784BFFF705FC002840F0B480A8
:10228000204629464FF0FF326FF48013FFF7BEFB64
:10229000002840F0A9802046294600220023FFF7AD
:1022A000B5FB002840F0D581CDE90A45DDE90A23D8
:1022B0009046994606F4006216F480630F921393D9
:1022C00040F0A18058EA090340F0CA80002A40F09B
:1022D000E38106230E9316F00202109240F0D4819F
:1022E0005346042B38BF04230C920422043B129261
:1022F0000F932046294600220023FFF787FB002882
:1023000040F0F3819DED0A7B0F9B5A4603930E9B91
:102310008DED007B029326F4006304933846099BFD
:102320000899FFF72DFD024616F0200F099B08992A
:102330000CBF6520452002F10108B8470C9A129B9A
:1023400016AC5D1E82EAE273A3EBE273D10F0026A6
:1023500022469946DFF804C101E0202E10D0CE4677
:10236000ACFB0930C00800EB8003A9EB430330331A
:10237000BEF1090F814606F1010602F8013BECD8D7
:102380000523002006930A2305950094099D089CC7
:102390004246CDE90330CDE901612B46214638465E
:1023A000FFF700FC109A8046D2B1A0EB0B06B245B5
:1023B00016D90BEB06022B46214620200136B847E2
:1023C000B245F6D80BF1FF335344CBF10102A3EB36
:1023D00008034244924538BF002308F1010898449D
:1023E00040461FB0BDE8F08F5A463846CDE9284533
:1023F000CDE92BA60E9C099B08992A941FB0BDE835
:10240000F04FFFF7BDBC58EA09032BD1002A3FF477
:1024100062AF00230C930E9B0C9A934200F3B98198
:102420004FF000082046294600220023FFF7EEFA6D
:10243000002840F013819DED0A7B26F4006646F4E7
:1024400080668DED287B5A463846CDE92A8A099B5D
:1024500008992C96D2E700BFFFFFEF7FCDCCCCCC04
:1024600006230E93C9F30A50A0F2FF30FFF774FA67
:10247000C1A3D3E90023FFF7FBF9C1A3D3E90023EC
:10248000FFF7CEF9C9F31309CDE90C0149F07F51EB
:1024900040460022B24B41F44011FFF7D5F9A4A306
:1024A000D3E90023FFF7E4F902460B46DDE90C010E
:1024B000FFF7B6F9FFF774FA0C90FFF74DFA9EA3F9
:1024C000D3E9002380468946FFF7D2F90022A54BC5
:1024D000FFF7A6F9FFF764FA034649464046129310
:1024E00097A3D3E90023FFF7C3F9804612988946E2
:1024F000FFF732FA94A3D3E90023FFF7B9F90246B4
:102500000B4640464946FFF79FF902460B46804678
:102510008946FFF7ADF942464B46CDE910014046EA
:102520004946FFF77DF90022CDE91401DDE91001EC
:102530008D4BFFF7C3F900228C4BFFF771F9024670
:102540000B46DDE91001FFF7B9F90022884BFFF7D0
:1025500067F902460B46DDE91001FFF7AFF9424685
:102560004B468046894600204FF08041FFF76CF9CA
:1025700002460B4640464946FFF752F902460B46D3
:10258000DDE91401FFF79AF900227A4BFFF748F9C9
:10259000129B002203F2FF3C4FEA0C53FFF768F94D
:1025A00080468946DDE90A0142464B46FFF72EFA8E
:1025B00050B10C9B4046013B49460C9300226B4BAB
:1025C000FFF77CF9804689460C9A43466332C62A57
:1025D00006F00202109249460F9A2CD8002A5ED0CB
:1025E000042212920B433FF416AFDDE90A0158A30F
:1025F000D3E90023FFF732FA48B1DDE90A0156A317
:10260000D3E90023FFF702FA00287FF404AF0E9B02
:10261000002B50D0139A002A7DD0013B0E93129BC1
:102620009A4505D9109B002B00F0AE800223109331
:1026300000230F9344E022BBBAF1050F4FD906F0F7
:102640000203002B49D105231293AAF105030F932E
:102650003AE005F100430A940B9327E626F400665E
:1026600046F4806638462C96DDE90A67344607F161
:1026700000455A46CDE92A8ACDE92845099B0899A3
:10268000BCE605221292ADE700230222CDE90F320B
:1026900004220C9312922CE64FF00508C2E6BAF120
:1026A000040F1FD9109B002B78D104231293AAF199
:1026B00004030F9304E0129B9A4531D80E9B0F93AD
:1026C0000C9B002B3FF415AEDDE90A0142464B4658
:1026D000FFF7F4F8CDE90A010BE602231093052376
:1026E0001293F1E704231293EAE7DDE90A45A046D5
:1026F0000F9B05F1004903930E9B5A46029326F463
:10270000006304933846CDE90089099B0899FFF7D7
:1027100037FB024608E6129B9A4544D80F92CFE752
:10272000109B8BB30E9B0F9302231093C8E700BF3F
:1027300061436F63A787D23F71A379094F930A4022
:102740001655B5BBB16B0240EF39FAFE422EE63F9B
:102750002D431CEBE2361A3F0000000080842E411E
:102760000000F83F0000E03F00002C400000244043
:10277000000018400000F03FFB799F501344D33F06
:10278000B3C8608B288AC63F129BAAEB03030F9342
:1027900096E7A3EB020808F1FF3843E604231293FF
:1027A000022310938CE7109B002BEDD002230F9295
:1027B000109385E72DE9F04F9BB0249C954D0A942A
:1027C000954CB1F1000A18BF834625601878934CE8
:1027D000914608BFA3460993002800F093824FF06A
:1027E00000080AE042464B46514608F10108D84726
:1027F000099B1878002800F0CE80099B252803F15A
:1028000001030993EED11C460023224612F8010B66
:10281000A0F1200110290AD8DFE801F04009093CA5
:102820000909090909090938093409093000A0F121
:1028300030010929099440F28A802A2800F0F080AA
:1028400000252E2800F096800026A0F168011229AC
:102850002DD8DFE811F049012C0043012C0038018C
:102860002C002C002C002C002C002C002C0027000D
:102870002C002C002C002C002C002700144643F0C8
:102880000103C2E7144643F00203BEE7144643F0D7
:102890000403BAE7144643F01003B6E7144643F0C6
:1028A0000803B2E70999487843F480730132672836
:1028B00009927ED8242840F2C180A0F12502422A44
:1028C00000F2BC80DFE812F05001BA00BA00BA0092
:1028D000BA00BA00BA00BA00BA00BA00BA00BA0028
:1028E000BA00BA00BA00BA00BA00BA00BA00BA0018
:1028F000BA00BA00BA00BA00BA00BA00BA00BA0008
:10290000BA00BA00BA00BA00190137011901BA00B9
:10291000BA00BA00BA00BA00BA00BA00BA00BA00E7
:10292000BA00BA00BA00BA00BA00BA00BA00BC01D4
:10293000BA00BA00BA00BA00BA00BA00BA00BA00C7
:10294000BA00BC015801BC01190137011901002569
:1029500000E0013205EB850500EB45051078303DC0
:10296000A0F130010929F4D92E28099202F10102BF
:102970007FF46AAF099943F4806348781146A0F167
:102980003006092E40F221812A2800F02F81099279
:102990000026013259E74446C14501D809F1FF3804
:1029A0004B46424651460020D84720461BB0BDE862
:1029B000F08FA0F16902D2B20F2A3FD8012149F26B
:1029C00041079140394040F0F3800A2A3DD0072A60
:1029D00034D10A9D55F8042B002A00F0138143F0EE
:1029E000210012AB1F460B9303E0202900F0148155
:1029F0001A4602F00F042346092C94BF30333733B4
:102A00000F2A07F8013B01F101014FEA1213ECD83C
:102A100002E100BFB527001028210020051B00108F
:102A20000A99099851F8045B4078002DCDE90921F5
:102A3000BCBF43F002036D42013202E742464B46FF
:102A4000514608F10108D847D2E60A99002E51F8FC
:102A5000047B18BF3246387808BF4FF0FF32002899
:102A600000F07B83BC18A4463A4604E012F8014FFC
:102A7000002C00F03F819445F8D16446E41B5A05D0
:102A800040F12281B44228BF344613F0020300F023
:102A900088820223CDE90A5142461D46464408E099
:102AA0004B465146D84717F8010F08F1010810B1FD
:102AB00042464645F4D12B460B990A9D002B40F027
:102AC00041810A9194E6099948786C287FF4ECAE2C
:102AD0000A46887843F440730332E8E6099943F4E0
:102AE000007348780132E2E609994878682800F0D6
:102AF000038143F080030132D9E6672800F0D980D2
:102B0000472800F0DC80452800F0DB80CDE9035346
:102B10000A9B0296073323F007031C464246F4E85B
:102B200002674B4651465846CDE900670A94FFF7C5
:102B300087FB80465CE6462808BF43F02003CDE9CA
:102B400003530A9B0296073323F007031C464246B1
:102B5000F4E802674B4651465846CDE900670A94AF
:102B6000FFF70EF9804643E642464B465146252084
:102B700008F10108D8473BE60A9A990702F10404D4
:102B800008F1010640F1C68010784B464246514696
:102B9000D847012D88BFA84440F2BD8132464B463C
:102BA000514620200136D8474645F7D10A941FE602
:102BB0006F2800F0818040F24882782800F09081F0
:102BC0000A2723F01003BC4641E0002606EB8606E8
:102BD00000EB4600A0F1300611F8010FA0F1300221
:102BE000092AF3D90A46099101322EE6DDE90921C5
:102BF00051F8046B9078023209920A91013226EA68
:102C0000E67622E623F0100013F4806240F0210003
:102C10003FF4E7AE12AB0B930B9B06900093082397
:102C20001020059300234246CDE9023001914B4626
:102C3000514658460496FEF7B5FF0A958046D7E5FB
:102C4000582862D0622840F08F800227BC4613F4D7
:102C5000806000F0DD8023F00D0313F4007240F07B
:102C600081810A990F1D13F4807140F037825C0650
:102C70000A9A40F13B811278002A40F04E8123F0FD
:102C80001003002800F04981114612AA0B92CDE9E9
:102C90000553CDE903C601910B9B424600930023E7
:102CA0005146029358464B46FEF77CFF0A978046F2
:102CB0009EE543F4006329E70827BC46C7E743F4D1
:102CC000006343F0200321E713F0020300F08E813C
:102CD00002230A951E460D4642464B465146D847AA
:102CE00017F8010F08F101080028F5D129463346ED
:102CF0000A9DE3E6D41BC2E60A46887843F0C00387
:102D00000332D4E50446804646E6102743F020030C
:102D1000BC469CE7012D40F2F880464608F1FF379B
:102D20002F4432464B46514620200136D847BE42FA
:102D3000F7D10A9B3246187851464B46D847A844EB
:102D40000A9455E54646A5427FF6BBAEA844A8EBDB
:102D500004080C4632464B46514620200136D847DF
:102D60004645F7D12146ACE613F4806200F0BB8003
:102D70004FF4806223F0110C1CF400770A9B4AD1B7
:102D80001CF4807003F1040440F034811CF0400F07
:102D900040F0A3801CF0800F00F0D381B3F9001045
:102DA00081EAE177A7EBE177BFB2CB0F002900F012
:102DB00056813A4612A90F46DFF8D8E30B910A93E1
:102DC0000C9501E020280FD01546AEFB0213DB085E
:102DD00003EB8301A2EB41013031092D1A4600F1CA
:102DE000010007F8011BEDD80A9B0C9DCDE9055C9D
:102DF000CDE9010304960B9B424600930A235146FA
:102E0000039358464B46FEF7CDFE0A948046EFE406
:102E100023F00C0321E7073323F007031946084684
:102E20005B6850F8081BDF0F0A9051EA030062D17B
:102E3000002A40F09F811346114612AACDE90C7575
:102E400000201546CDE90E68DFF848E30B9201E05B
:102E500020282DD05A1842F10002AEFB027828F04B
:102E6000030707EB9807D21B1E469B1A61F1000768
:102E70000C464FF0CC3101FB03F10EFB0711A3FB15
:102E80000E731944052307F00108A8FB03389B18AB
:102E90000A2E03F130034FEA570774F1000405F8D6
:102EA000013B00F1010047EAC1734FEA5101CFD263
:102EB000DDE90C75DDE90E680B9B424600930A23A1
:102EC000CDE9055CCDE90107049603934B465146D5
:102ED0005846FEF767FE80468AE419780F4664E795
:102EE0001027BC46B3E623F0100C45E71C064CBF88
:102EF00012881268C0E60A46191E01DB13469CE7D9
:102F00005242134661EB410197E713465146187848
:102F100042464B46D847B04648E613F0200F14BF50
:102F20004120612012ACA6460B940A93A0F10A043A
:102F30000C9502E0202912D02A46B2FBFCF50CFBCE
:102F40001520C3B2092803F130008ABF1B19C3B290
:102F5000DBB262450EF8013B01F10101EAD20A9BA6
:102F60000C9D94E60A9A073222F00702516852F843
:102F7000084B8E460A9254EA010276D123F01003E0
:102F8000002872D00022114612AA0B92CDE90553F7
:102F90000B9B424600930023CDE903C601910293A7
:102FA00094E7A54298BF01347FF674AD4FF4806377
:102FB000CDE90A7505EB08021F460D46141B424673
:102FC0004B465146202008F10108D847A045F6D1CC
:102FD0003B460A9F294638780B9D6C1C00283FF41D
:102FE00070AD002B3FF475AE002353E5A542DFD84A
:102FF00001346EE61968CB0F002900F0A88081EA41
:10300000E172A2EBE17212A90846DFF888E10B91A8
:103010000A930C9501E0202F0FD01546AEFB02134A
:10302000DB0803EB8301A2EB41013031092D1A4685
:1030300007F1010700F8011BEDD80A9B0C9DCDE9B3
:10304000055CCDE901730496D5E6692823F0100CE0
:1030500040F08C8013F480623FF48EAE88E6002A44
:103060003FF4A8AE12AA0B92C0E613F0200F14BFD3
:1030700041226122002012A90A3ACDE90E68CDE969
:103080000C35CDF844B006468846754693460B91FC
:10309000CDF840C003E0202E17D004460D46294647
:1030A0003A46002320460BF08BFDD2B2092A02F1EA
:1030B000300388BF02EB0B03BC42DBB275F10005A5
:1030C00008F8013B06F10106E5D23146DDE90C3591
:1030D000DDE910CBDDF83C800E9E57E70A990968C0
:1030E00051B923F0100338B112A90B91CDE9055362
:1030F000CDE903C60192CFE513F0200F14BF4120A4
:10310000612012ACA6460B940A93A0F10A040C9518
:1031100002E0202A12D02946B1FBFCF50CFB151069
:10312000C3B2092803F130008ABF1B19C3B2DBB256
:1031300061450EF8013B02F10102EAD20A9B0C9DA7
:10314000D4E7196881EAE177A7EBE1772DE6002A59
:103150003FF459AF12AA0B9271E713F480640DD0BB
:1031600013F0020412D004464646ECE50A276346F3
:10317000BC466CE512AB00200B939DE613F00203F6
:103180007FF4E0AD002D7FF413AF9AE4002D7FF4BF
:103190000DAF96E4CDCCCCCC0EB410B585B007AC59
:1031A00054F8043B01464FF0FF3200940448039466
:1031B000FFF700FB05B0BDE8104003B0704700BF4B
:1031C000FD1A001010B5094B84B01C684CB10346C1
:1031D00000914FF0FF3203A90548A047012004B039
:1031E00010BD00F0D7F9204604B010BD2821002002
:1031F000791D001000BEFDE7074A0346106838B18C
:10320000064903448B428CBF4FF0FF301360704778
:10321000034908461160F3E7202100200000082040
:103220006C21002090B110B50446FEF77BF8084AE7
:10323000D2E90032C01A61EB02010023054A0BF00B
:10324000C7FCC4E90001A260002010BD0020704747
:10325000901D002040420F00002070474FF0FF30CB
:10326000704700BF03460846114623B9034BD3E914
:10327000002300F00FB94FF0FF30704700FF00103F
:10328000431E012B09D810B514460846012300221D
:10329000214600F089F8204610BD4FF0FF307047FE
:1032A0004FF0FF30704700BF4FF0FF30704700BF56
:1032B0004FF0FF30704700BF02288CBF0020012074
:1032C000704700BF08B5FFF795FF00BF38B5064C43
:1032D000064DFEF775F9AC4204D254F8043B98470A
:1032E000AC42FAD338BD00BF48EC001058EC0010D7
:1032F00003680846114618472DE9F0411546427DFE
:1033000007468846002A46D0002D1DDD0B780A2B83
:1033100023D0012D4FF0000C18D04646012416F89A
:10332000012F21460A2A04F1010422D0A542F6D138
:1033300065450BDC08EB050313F8013CA3F10D0315
:10334000B3FA83F35B093B75BDE8F0813B68A5EBFD
:103350000C0108EB0C009847ECE7037D002BD8D15B
:10336000036802210F489847012DE3D04FF0010C6C
:10337000D3E716F8013C0D2BD8D08C4508EB0C0098
:10338000A1EB0C0101DA3B689847022105483B6834
:103390009847A446CAE7294640463B68BDE8F04145
:1033A000184700BFC0FF00102DE9F04782B00D465E
:1033B00091461C460646FDF7B5FF4FF0FF3C6FF007
:1033C00000472E4A821841F10003944577EB030130
:1033D0003CBF62463B462A480BF006FC6B1C80460D
:1033E00040D00CB3274F284B1C68B4B1B9F1000F83
:1033F0001CD1DFF89C9001E0246974B12368002B94
:10340000FAD0D9F800300BB19C42F5D120462A46BB
:103410003146B8472469002CF0D1B8F1000F26D10D
:10342000284602B0BDE8F087184FDCE74FF00A0AE3
:10343000DFF85C9002E02469002CEED02368002BBA
:10344000F9D0D9F800300BB1A342F4D12A46314665
:103450002046B847012220460DF107018DF807A04C
:10346000B847E8E730460AF0B9FA0546B9E7044834
:103470000BF0AAFB284602B0BDE8F08740420F00DF
:10348000F81B0020F932001014210020F132001046
:103490001C2100202DE9F04F984607460E4683B0C8
:1034A000DFF860B0DFF86090DFF860A00192DBF831
:1034B000004014B911E024697CB1D9F800500DB175
:1034C000A542F8D1A268002AF5D031463846904787
:1034D0000028F0DD03B0BDE8F08FDAF82420904535
:1034E0000BD8DAF82810019B994204D36FF0010041
:1034F00003B0BDE8F08F9045F8D101200021FDF721
:103500001BFFD4E7142100201C21002000000B40E9
:10351000F0B583B006468DF80700FDF703FF4FF0C6
:10352000FF356FF00044174A821841F100039542BD
:1035300074EB03013CBF23462A4613480BF054FBAF
:10354000124B07461C689CB1114D01E024697CB107
:103550002368002BFAD02B680BB19C42F6D1204691
:1035600001220DF10701FFF7C7FE2469002CEFD1FE
:1035700017B9304603B0F0BD03480BF025FB3046C9
:1035800003B0F0BD40420F00F81B002014210020C2
:103590001C21002038B504460AF020FA0123054614
:1035A0001A4620462946FFF7FFFE084B1C682CB13F
:1035B00063682BB198472469002CF9D1284638BD9F
:1035C0002469002CF4D1284638BD00BF1421002006
:1035D00010B50446082000F0EFFC2146044601F037
:1035E000AFFC054A2046054901F05CFA204600F090
:1035F000FBFC00F081FD00BFA94D0010600201102E
:1036000010B50446082000F0D7FC2146044601F01E
:10361000D7FC054A2046054901F044FA204600F04F
:10362000E3FC00F069FD00BF714E00108002011044
:103630002DE9F04397B098461368054602AF10A8ED
:103640001B6987E806001146029A98470223002268
:1036500010A800931146374B00F0F8F906460DF11B
:1036600030090446CDF8289056F8083BB34245D0BF
:103670000A9383680C93266000266368404626728E
:1036800066600B930AF0AAF9434600903246314631
:103690000AA800F0DBF906460DF118080446CDF83B
:1036A000108056F8083BB3422FD0049383680693EA
:1036B0000023626804A9284626602372636005928D
:1036C00001F0EAFC0498404501D0FEF713FA0A988D
:1036D000484501D0FEF70EFA109812AB984201D07F
:1036E000FEF708FA2B46144A97E8030043F8082B24
:1036F00083E80300284617B0BDE8F08342683146EE
:10370000484601320AF0F4F8B5E7426831464046CF
:1037100001320AF0EDF8CBE703E005E004A800F081
:10372000ABF80AA800F0A8F810A800F0A5F800F07F
:10373000E3FC00BF28ED001080000110704700BFBF
:1037400010B40123084C0246016081EA917104FB28
:1037500001310133B3F51C7F42F8041FF5D15DF848
:10376000044BC0F8C03970476589076C70B5D1E962
:10377000006584B00446072D24D0042D02D133788F
:10378000702B34D001A90022304609F05DFB33785C
:10379000014613B1019B1B78E3B1102000F00CFC33
:1037A000044600F0F5FA1622194BCDE9022004AACE
:1037B000204612E90600FFF73BFF164A204616494D
:1037C00001F070F92A461549304609F09FFC30B9DE
:1037D00041F271512046FFF7B3FF04B070BD2A4695
:1037E0000F49304609F092FC0028F1D0CAE77378FF
:1037F000721C722BC6D112F8013F6E2BC2D15378C6
:10380000672BBFD1E4E7204600F0EEFB00F074FC2C
:103810003CED0010A13C0010FCFF001058EC001023
:103820002CED0010FFF7A2BF0868B0F1804F08B57B
:103830001DD2904204D9B0EB420F4FEA420304D3A9
:103840000130BDE80840FEF753B9B3F1804F08D30B
:103850006FF040434FF080400B60BDE80840FEF73A
:1038600047B9581C0B60BDE80840FEF741B9014854
:10387000FFF7C6FE70ED0010034653F8080B9842A0
:1038800001D0FEF737B970472DE9F04F83B0476894
:103890009A468146DDF830B08E180D4601A9ABEB93
:1038A000020304463B44BF1B019359F8083B99456A
:1038B00014BF82680F22FFF7B7FF80462DB1012D9C
:1038C000216829D02A460AF013F8BAF1000F0BD06C
:1038D000BBF1000F08D0BBF1010F08EB050022D0AF
:1038E00051465A460AF004F857B15D442368012F47
:1038F00008EB050003EB060111D03A4609F0F8FF8A
:103900002068814501D0FEF7F5F8019BC4F80080DE
:10391000A36003B0BDE8F08F0B780370D5E79B5D23
:1039200008F80530ECE79AF8003008F80530DBE7D6
:1039300070B5054682B0044655F8083B01919D429A
:10394000019B14BF82680F22934201D802B070BD60
:1039500001A9FFF769FF6368216806465A1C73B125
:103960003AB90846FEF7C6F8019B2660A36002B08C
:1039700070BD09F0BDFF21688D42F2D1F4E70B78EC
:103980000370F8E72DE9F041069F1D469046079E1B
:103990007B1E0C469A4209D9012F02D12B780B705D
:1039A00004E03A462946204609F0DEFB76B1474559
:1039B0004AD0012E04EB070004EB080103D114F8F0
:1039C0000830E35502E0324609F0CEFB47453BD9CB
:1039D00004EB0806EB199E420BD3012F02D12B7882
:1039E000237031E03A4629462046BDE8F04109F00F
:1039F000BBBBAE4210D82D1BA7EB0802012F15440C
:103A000004EB050102D1635D23701DE03A462046B8
:103A1000BDE8F04109F06CBF761B012E02D12B7876
:103A2000237004E032462946204609F09DFBBA1B6C
:103A3000A019E119012A02D1E35DA35504E01AB1EE
:103A4000BDE8F04109F054BFBDE8F0812DE9F04731
:103A500004466FF0404082B00F46104461680A9EF1
:103A6000401A86424CD898462346B51A53F808ABFC
:103A70000D449A4514BFA3680F239D422DD8D31936
:103A8000C2450AEB0709A1EB03031BD953B1B242AC
:103A900008D0012B09EB060009EB020129D01A46D8
:103AA00009F062FB36B1012E1ED03246414648462F
:103AB00009F01EFF23680022204665605A5502B0B7
:103AC000BDE8F08751448845E0D8CDE90063494618
:103AD00043462046FFF756FFECE74346394620466B
:103AE0000096FFF7D1FEE5E798F800300AF80730B6
:103AF000E0E719F8023009F80630002EDAD0D2E7F4
:103B00000148FFF77DFD00BF88ED001000487047B9
:103B1000A4ED00101368994201D00020704753684B
:103B2000181AB0FA80F04009704700BF704700BF14
:103B300000487047ACED0010742A10B41CDC572A02
:103B40000FDC4D2A13DC3B2A28DC242A21DC0F2A37
:103B500001DC0E2A0BD8154BC0E900235DF8044B9D
:103B60007047A2F15804124BE340DC07F3D45DF830
:103B7000044BC0E900217047A2F17603182BF6D858
:103B80000C4C24FA03F3DB07F1D5084BC0E9002302
:103B9000E4E7A2F12D03012BDDD9E8E7A2F13C0413
:103BA000054BE340DB07E2D5D5E700BF84160020D4
:103BB0009D00BF1FBF07F1018F080200704700BFC3
:103BC000C0E90021704700BF4B68834201D000204C
:103BD00070470868801AB0FA80F04009704700BF4B
:103BE000704700BF704700BF2DE9F04300F10803A4
:103BF0004FF0000885B03C2704469146C0F8048089
:103C000080F8088003600BE02B7803B3284609F0A6
:103C1000E5FE06462368666003F80680636893B98C
:103C200039462046FFF784FE25683A46484629462D
:103C300085F8008009F032FC0028E7D02228E3D183
:103C40007F000026E6E7204605B0BDE8F0830D4B77
:103C5000EC46EE460D260FCBACE80700ACF8003082
:103C60002B73BEE8070028606960AA60D2E720468F
:103C7000FFF702FE00F040FA002322686360137031
:103C8000F5E700BFB4ED001010B50446FDF732FFB4
:103C9000204610BD10B50446FDF72CFF204610BD90
:103CA000034B10B50446036001F09EF8204610BD9A
:103CB00080000110054B10B50446036001F094F834
:103CC0002046FDF717FF204610BD00BF8000011001
:103CD0000B6810B586B004461B69684698472046B5
:103CE000DDE9001201F076F9009802AB984201D0AC
:103CF000FDF700FF204606B010BD6846FFF7BCFD8B
:103D000000F0FAF9742910B41BDC572924DC4D2982
:103D100008DC3B292CDC242925DC0F2901DC0E29B9
:103D200000D817485368834203D000205DF8044B45
:103D3000704710685DF8044B401AB0FA80F04009F3
:103D40007047A1F17603182BECD80E4C24FA03F33C
:103D5000DB07E7D50A48E5E7A1F158040A4BE34041
:103D6000DC07DFD5DDE7A1F12D03012BD9D9D9E798
:103D7000A1F13C04054BE340DB07D3D5D1E700BFFD
:103D800084160020BF07F1019D00BF1F8F080200AD
:103D900000487047841600200649074A074808B5BE
:103DA00000F012F8044A06490648BDE8084000F051
:103DB0000BB800BFE13B0010601600208416002005
:103DC000E53B0010801600200B460146184609F01E
:103DD000AFBB00BF036870B5002484B09E69102398
:103DE0001546039402936B461268CDE90044B04730
:103DF0009DF8043003F00603062B04D1009B01203C
:103E00002B6004B070BD204604B070BD0098904295
:103E10000CBF062001207047034B10B50446036019
:103E200000F022FF204610BD14010110054B10B513
:103E30000446036000F018FF08212046FDF75CFEF1
:103E4000204610BD140101102DE9F041069F1D46CA
:103E500004469046DDE908369F420CD029462046AC
:103E600000F006FF20B10123376086F80480B371AB
:103E70000020BDE8F081079900F0FAFE0028EDD09F
:103E8000002086F80580BDE8F08100BF38B51546F2
:103E90001C4600F0EDFE00B938BD0822062325605F
:103EA000E260237138BD00BF2DE9F0410646174698
:103EB0001D460C4600F0DCFE48B9032D07D82368E8
:103EC0003A46314620465B69BDE8F0411847BDE8F7
:103ED000F08100BF20494A6830B5A0F1080432B330
:103EE00050F8085C04EB050E724520D8536825D0C5
:103EF00073B301F1040C05E0596802F1040C1A4691
:103F000051B10B469E45F7D820D1536819685B68BC
:103F10000D445360DCF800301A6899188C420AD0BE
:103F20005B6840E90253DCF800305C6030BD40F86B
:103F3000042C4C6030BD2A441A6030BD126840F831
:103F4000043C2A4440F8082C4C6030BD1346E3E79B
:103F5000134601F1040CDFE7001C002000F1080308
:103F60001449082B486838BF082308B307330431C5
:103F700023F0070302E0011D406890B102689342FC
:103F8000F9D80868026870B4D41A4668072C09D9B1
:103F9000C5186E60C4500868036008300D6070BCBE
:103FA000704770473546026008300D6070BC70473E
:103FB000704700BF001C002010B500F180042046AF
:103FC000FDF770FD38B1034680220021184609F044
:103FD00049F9803010BD2046FFF7C0FF0346002896
:103FE000F2D100F0FFFC00BF064B8038D3E902237A
:103FF0001344984203D2824201D2FFF76BBFFDF710
:1040000075BD00BF001C0020F0B50026354D89B0FD
:104010003548EE60C5E9016608F01EF90822334B09
:1040200009210496CDE90223314A0423CDE9051282
:104030000793002836D0044623780F222D483A2BC8
:1040400008BF0134214609F061F810B9E37B2E2B3B
:1040500016D020463A2109F053F904460028EBD146
:10406000079A049C402AA8BF4022002C08BF0624BF
:104070003E3402FB04F4A400EC60BCB909B0F0BD0E
:10408000103402AE376821463A461FB1706809F015
:104090003DF810B9E35D3D2B12D00C3608AB9E42C3
:1040A000F0D1D6E74FF488631C46EB602046FDF75D
:1040B000F9FCA860A0B100236860C0E90043DDE717
:1040C000781C002201A9204408F0BEFE019C237840
:1040D0003A2B01D0002BBCD10028A8BFB060B8E7B4
:1040E000E860CBE7001C0020C4ED0010D8ED001004
:1040F000E4ED0010F0ED00101EB400F08DF81EBCD1
:104100000AF056FDF0B51D46037883B00C46472BE8
:1041100019D00020254E3368019030469B6898479F
:1041200078B1019B02271B68019323682046314622
:1041300001AA1C690123A04720BB0746384603B0EB
:10414000F0BD0127F1E743784E2BE2D18378552B60
:10415000DFD1C378432BDCD10379462B1BD0432B13
:10416000D7D143792B2BD4D183792B2BD1D1C379C0
:10417000012BCED84FF0000350F8206C019306D0ED
:104180005830C8E7019B38462B6003B0F0BD30467D
:1041900056F8786CBFE743794F2BBAD18379522B0D
:1041A000B7D1C0790028B4D1014EB4E7BC010110E9
:1041B0009001011010B5044600F0FCF8224612F8F8
:1041C0002039472B04D0836823BB8260012010BDB7
:1041D00063784E2BF7D1A378552BF4D1E378432B9A
:1041E000F1D12379432BEED163792B2BEBD1A3793A
:1041F0002B2BE8D1E379012BE5D854F8043C0133AB
:10420000012B44F8043CE1D1836844F8083C826007
:10421000012010BD00F0E6FB08B500F0CBF8836884
:1042200083B393F82020472A04D00022826003F150
:10423000200008BD93F821204E2AF6D193F82220C1
:10424000552AF2D193F82320432AEED193F8242063
:10425000432AEAD193F825202B2AE6D193F8262089
:104260002B2AE2D193F82720012ADED8DA69013A15
:10427000DA61002ADBD199690022816003F1200014
:104280009A6108BD00F0AEFB38B5044600F092F824
:104290000568224612F82039472B03D085BB0260FF
:1042A000284638BD63784E2BF8D1A378552BF5D12D
:1042B000E378432BF2D12379432BEFD163792B2B76
:1042C000ECD1A3792B2BE9D1E379012BE6D854F873
:1042D0000C3C002B11DB013344F80C3C9542436845
:1042E00003F1FF33436002D044F8105C0260656A5A
:1042F00020460AF071FC284638BDC3F10103EBE704
:1043000000F070FB08B500F051F80246006870B389
:1043100090F82010472906D000212030BDE8084041
:1043200011600AF035BC90F821104E29F4D190F8B4
:1043300022105529F0D190F823104329ECD190F8A0
:1043400024104329E8D190F825102B29E4D190F8C6
:1043500026102B29E0D190F827100129DCD84169DB
:10436000002905DB013908D04B1C0DD0416108BD87
:104370000131FBD103691360F8E701692030BDE822
:10438000084011600AF004BC00F02CFB704700BF2D
:10439000704700BF0048704700EE001010B504469B
:1043A0000421FDF7A9FB204610BD00BF004870475F
:1043B000981D002000487047981D0020502870B5B7
:1043C0001DD0844600F00F000C2855D8DFE800F01F
:1043D000074426071E545454542A22071E00104630
:1043E00050F8046B4EB10CF07004102C08BF11464D
:1043F0001CF0800F0E4418BF36681E6070BDD01CC4
:1044000020F0030050F8046B1E6070BD104650F899
:10441000086BE7E7104630F9026BE3E7104630F827
:10442000026BDFE700261046344610F8015B05F00A
:104430007F0E15F0800F0EFA04FE04F1070446EA21
:104440000E06F2D11F2CCDD86D06CBD54FF0FF351F
:1044500005FA04F42643C6E700261046344610F851
:10446000015B05F07F0E2D060EFA04FE04F1070431
:1044700046EA0E06F3D4B5E707F0E6FEFF2808B5D6
:10448000034612D003F070030846302B13D005D832
:10449000202B09D1BDE808400AF08EBB402B06D185
:1044A000BDE808400AF09CBB03D8002008BD502B93
:1044B000FBD007F0C9FEBDE808400AF099BB00BF79
:1044C000F8B50C460646154608B10AF089FB286087
:1044D00014F8017BFF2F28D16860204610F8012BCB
:1044E000FF2A32D00024102322462B7510F8011B1E
:1044F00001F07F03090603FA02F302F1070244EA1E
:104500000304F3D403190024EB6010F8013B2246A6
:104510006B7510F8011B01F07F03934007321C43B9
:104520000B06F6D404442C61F8BD31463846FFF73B
:10453000A5FF224601462B1D3846FFF73FFF0446E4
:10454000204610F8012BFF2ACCD100232A75DAE788
:104550002DE9F04F002399B08846174603930E9338
:1045600000F00303012B00F0AB80022B0AD1394687
:1045700040460AF015FB002840F09780082019B04B
:10458000BDE8F08F002B40F01E8210F00804EED141
:1045900012AB01250493049B0C223846CDF84880C9
:1045A0000093002319460AF027FB38460AF0F4FA74
:1045B00006900028DBD044EA0503049A06993846A1
:1045C00005930DF14409039B8DF85C300023CDE980
:1045D0001533FFF775FF159B05469DF85C003946BE
:1045E000169C09930390FFF749FF0023089014904D
:1045F0000F2219463846CDF800900AF0C5FA119BF3
:10460000A54223F0010303F1FF3B33D29DF85D6027
:10461000DDF848A000213046FFF730FF2A4601466A
:104620000FAB3046FFF7CAFE054600213046FFF7C4
:1046300025FF2A46014610AB3046FFF7BFFE054670
:1046400000213046FFF71AFF2A4601464B46304606
:10465000FFF7B4FE05460020024615F8011B01F0E5
:104660007F039340073218430B06F6D40F9B534445
:104670005B451ED9059BDC0729D500250E9B2E46E0
:104680001C46002338460D22CDF8009019460AF04A
:104690007BFA069B0620C8F82440C8F82850C8E9D1
:1046A0000B36119BC8F8203069E7092019B0BDE826
:1046B000F08F109A13445B4560D8A542AAD3D9E77E
:1046C00010F008040AD012AB0493022563E7059B9F
:1046D000180700F17681404607F02DFD12AB0D6AF8
:1046E0000D22384604930093039B19460AF04CFAB6
:1046F000129B9D42E9D13846CDF84880DDE903326E
:10470000009219460C220AF077FAD8F83060002E91
:10471000E1D00DF14409D8E90A530693002DC0F207
:104720000881032400233846CDF800901A46194624
:10473000CDF844800AF060FA002301223846CDF813
:104740000090194611950AF057FA00230F223846B7
:104750001946CDF800900AF017FA119A002338464E
:1047600002F00102CDF800901946324311920F2257
:104770000AF042FA022C70D0072000E7119E002EAA
:104780003FF4F5AE139A1644002800F0FB80013880
:104790000444002E3FF4EBAE059B13F0080200F03A
:1047A000FC808A4BC8F80030894BC8F80430B8F157
:1047B00000034FF0010BDDF824A018BF0123002AED
:1047C00018BF00230A9300230793039B03F00703FA
:1047D000CDE90B670D9300252A4614F8011B01F063
:1047E0007F03080603FA02F302F1070245EA030514
:1047F000F3D41F2A05D84B0603D50BFA02F35B420C
:104800001D4300262046324610F8011B01F07F03AD
:104810000F0603FA02F302F1070246EA0306F3D495
:104820001F2A33D8490631D50BFA02F35B421E43E7
:10483000002D67D0059B022B0DD0002D2CDC6FF0D6
:1048400040435B1B0AEB83075AF823100A9B002B9B
:104850005CD199B12EB13444BDE74046FFF7AAFCC4
:104860008AE7079BDDE90B67002B3FF480AE059BD1
:10487000DD073FF57CAE0025022453E7059BDA07F0
:10488000DDE90B6719D50E9B1C46FAE685B1059B41
:10489000022BDFD0002DD2DD039BFF2B70D00D9AB1
:1048A000042A00F29080DFE802F00D8E2A0D270026
:1048B00001230793002ECED1D3E7002D3FF431AF73
:1048C00000F09CF8AAEB850208994B460398FFF785
:1048D00075FD119949B1B8F1000FBBD00EAB0022A4
:1048E0004046FFF70FFC0028B4D0059BD907DDE94F
:1048F0000B677FF516AFC6E7AAEBC502E4E7AAEBA4
:104900004502E1E701233444079364E70E9B1193CA
:1049100021B94CE057F8041F002937D039444B46E1
:1049200000224046FFF7EEFB0028F3D0002E92D184
:1049300097E7099B3846049A1593039B06998DF8CF
:104940005C30FFF7BDFD39469DF85C00159CFFF714
:1049500095FD6FF04042521B54F8223004EB820464
:1049600033B12246002352F8041F01330029FAD143
:10497000C8F83440C8E90A300423C8F83030D0E61B
:104980005246A1E7002E7FF472AFF0E5059BDB07EE
:10499000DDE90B677FF5C2AE75E798F80730012BAC
:1049A0000CBF58F8203C08F158030E93FFE61C4654
:1049B000059BDB07DDE90B673FF563AEAEE6FFF76E
:1049C00063FC00F00FF807F03FFC00BF474E554373
:1049D000464F520008B5804707F036FCFFF754FCFD
:1049E00007F032FC08B5024BD3E8AF0FFFF7F2FF38
:1049F0008C16002008B58047FFF7F4FF08B5024B7E
:104A0000D3E8AF0FFFF7F6FF88160020014BD3E87D
:104A1000AF0F70478C160020014BD3E8AF0F7047E3
:104A200088160020012810B516D8A1F12803D3E874
:104A3000EF2F013AC3E8E02F0028F8D15AB951F816
:104A40001C3C01F158040BB1204698472046BDE8B4
:104A50001040FFF7C9BA10BD51F8140CFFF7BAFFA8
:104A6000002310B5044640F8803C40E91E12FFF7D1
:104A7000D3FF44F8700CFFF7C9FF0749074A084BFA
:104A800044F86C0CA4F1800044F8581C44F8542CF1
:104A900044F8503C10BD00BF474E5543432B2B00FC
:104AA000254A001070B504460D461646FFF782FCF5
:104AB00003462046324629465C6801345C60FFF7B5
:104AC000CFFF0123044644F8283B20460AF098F81B
:104AD0002046FFF7D9FBFFF785FF00BF10B5FFF7B2
:104AE00069FCD0E900420132426064B194F82020B0
:104AF000472A0AD000220260203420460AF054F8E7
:104B00002046FFF7C1FBFFF76DFF94F821204E2AE6
:104B1000F0D194F82220552AECD194F82320432A8E
:104B2000E8D194F82420432AE4D194F825202B2AB4
:104B3000E0D194F826202B2ADCD194F82720012AF2
:104B4000D8D8626952426261D6E700BF034B10B504
:104B500004460360FFF760F9204610BD14020110FF
:104B6000054B10B504460360FFF756F90C212046AB
:104B7000FCF7C2FF204610BD1402011070B582B0D0
:104B800004460D46069E964209D0A0682946046850
:104B90000696246AA44602B0BDE8704060471946F4
:104BA0000192009300F064F8DDE900320028ECD0B7
:104BB000062002B070BD00BF2DE9F04F81B00D4658
:104BC00019461C4607461646DDE90A8BDDE90CA9A5
:104BD00000F04EF880B9D04527D0B8682346324659
:104BE00029460468CDE90CA9CDE90A8BE469A446FD
:104BF00001B0BDE8F04F6047002DC9F8008089F88A
:104C000004600CDBA844C24514BF4FF001084FF00C
:104C1000060889F80680002001B0BDE8F08F023553
:104C2000F9D1012389F80630F5E75946384600F0F6
:104C30001FF80028D1D089F80560ECE72DE9F04194
:104C400007460C4615461E46FFF720F948B9B868D6
:104C5000214633462A460468A469A446BDE8F041CB
:104C60006047BDE8F08100BF704700BF002070477B
:104C7000814211D0406808B503782A2B0AD04968D0
:104C80000B782A2B08BF013108F0AEFCB0FA80F097
:104C9000400908BD002008BD012070473A4B1A7832
:104CA00070B582B0002A3ED101241C7007F0BEFA14
:104CB00078B3446800224FF0FF30344D237811461A
:104CC00001902A2B01AB08BF0134204607F0B6F94A
:104CD0002B6830220121DB6806462D4807F04EFE86
:104CE0002A68019BD16883B1204608F007FA2B6837
:104CF000022201212748DB6807F040FE019B13B91F
:104D00003046FCF7F3FEFFF7E9FE304608F0F6F90F
:104D1000EDE71E4B2D2221461F481B68DB6807F07C
:104D20002DFE07F091FA194B1D2201211B481B682B
:104D3000DB6807F023FE07F087FA01290C4619D13A
:104D4000FFF7A2FA03689B6898472B6821460B225D
:104D50000446DB68124807F011FE2B682046D9682C
:104D600008F0CCF92B680A20D96808F047F9FFF75A
:104D7000C9FAD6E7FFF788FAFFF7C4FAD1E7FFF7D9
:104D8000C1FAFFF7B9F900BF68210020AC1A002072
:104D900034EE001068EE00106CEE001014EE0010FF
:104DA0009CEE0010406870470D4943680D4A10B5ED
:104DB000044682B00160A3F10C00904205D1204668
:104DC000FFF7E4FA204602B010BD53F8042C511E40
:104DD000002A43F8041CF2DC01A900F05BF9EEE7BD
:104DE000B4020110A41D00200D4943680D4A10B5FE
:104DF000044682B00160A3F10C00904205D1204628
:104E0000FFF7C4FA204602B010BD53F8042C511E1F
:104E1000002A43F8041CF2DC01A900F03BF9EEE79C
:104E2000DC020110A41D00200F4943680F4A10B591
:104E3000044682B00160A3F10C00904208D12046E4
:104E4000FFF7A4FA2046FCF755FE204602B010BD3D
:104E500053F8042C511E002A43F8041CEFDC01A96E
:104E600000F018F9EBE700BFDC020110A41D0020E0
:104E70000D4943680D4A10B5044682B00160A3F1A4
:104E80000C00904205D12046FFF780FA204602B080
:104E900010BD53F8042C511E002A43F8041CF2DC08
:104EA00001A900F0F7F8EEE7B4020110A41D0020FC
:104EB0000F4943680F4A10B5044682B00160A3F160
:104EC0000C00904208D12046FFF760FA2046FCF71C
:104ED00011FE204602B010BD53F8042C511E002ACA
:104EE00043F8041CEFDC01A900F0D4F8EBE700BFA5
:104EF000B4020110A41D00200F4943680F4A10B5E9
:104F0000044682B00160A3F10C00904208D1204613
:104F1000FFF73CFA2046FCF7EDFD204602B010BD3D
:104F200053F8042C511E002A43F8041CEFDC01A99D
:104F300000F0B0F8EBE700BFB4020110A41D0020A0
:104F40001B4BF0B5044683B0036071B308460D46B1
:104F500008F044FD0646A8B101AA002100F070F84F
:104F6000012E074600F10C0311D01846294632469F
:104F700008F0BEFC03460F4A97420BD120466360FF
:104F800003B0F0BD0C4B2046636003B0F0BD2A783F
:104F90000273F0E700223E603E44BA603273EDE7F0
:104FA0002046FFF7F3F9FFF7A7F80448FEF710FBD8
:104FB000B4020110A41D0020B01D0020A8EE0010B6
:104FC00010B50446FFF7BCFF014B2046236010BD1F
:104FD000C8020110F0B5054683B0E2B10E4629B310
:104FE0001446002101AA204600F02AF8012C0746A9
:104FF00000F10C030CD018463146224608F078FC2C
:1050000003460C4A97420BD128462B6003B0F0BDF3
:1050100032780273F5E7084B28462B6003B0F0BDE9
:1050200000223C603C44BA602273EDE70348FEF77F
:10503000CFFA00BFA41D0020B01D0020A8EE001074
:10504000124B984210B51DD88842044612D94A0026
:10505000904238BF144604F11D02B2F5805F09D9B1
:10506000A14207D204F58054C2F30B02A41A9C4259
:1050700028BF1C4604F10D00FCF73AFD0022C0E9F0
:10508000014210BD0248FEF7BBFA00BFFCFFFF3F24
:10509000D4EE0010FCF72EBD074B10B5D1E900127D
:1050A000044640F8043BFFF795FF204610BD20461C
:1050B000FFF76CF9FFF720F8DC0201105029844655
:1050C00070B53BD834295BD829290AD9A1F12A0027
:1050D000082831D8DFE800F0171615301517172EFD
:1050E00016000A2924D9A1F10B000124C0B2844082
:1050F0002B482040F0B92B48044204D12A482040D4
:10510000A8B1CAB1C3B1DCE90540844214DADCF8C5
:10511000105004EB840E0026013405EB8E00C0E92C
:105120000166CCF8144005F82E10C0E9032370BDC9
:105130000429E6D9002AE6D1002070BDA1F1520071
:105140000C28F7D801A454F820F000BF0751001034
:105150000751001035510010055100100551001085
:105160000351001035510010355100100751001047
:105170003551001035510010355100100351001009
:10518000A1F135000124C0B2844008482040002825
:10519000D0D1074820400028B3D14F29B3D070BDEB
:1051A000FE1F005F00C07F00010080000711C701E3
:1051B000F82E000A70B5D0E905439C421ADA04EBD8
:1051C0008403066984460134002506EB83004FEA18
:1051D000830EC0E90155CCF8144059B1AA42CCBFA6
:1051E0000023012333B9C0E9013306F80E30C0E9CA
:1051F000031270BD002070BDC268014670B51378FF
:105200006E2B23D0303BDAB2092A28D800260020A2
:105210006FF0004E134C07E0CB685A1CCA605B78F5
:10522000303BDAB2092A0DD8AEEB030200EB800C5A
:10523000A4FB0252B0EBD20F03EB4C00ECDD4FF0BD
:10524000FF3070BD002EFCD0404270BD531CC360C7
:105250005378303BDAB2092A01D80126D7E700207B
:1052600070BD00BFCDCCCCCC10B5044651B168297F
:1052700022D02046FFF7C0FFE3681A785F2A0ED0DD
:10528000002010BDC3681A78002AF9D05A1CC260E9
:105290001B78682B10D0762BEBD00020F1E7013380
:1052A0002046E360FFF7A8FFE3681A785F2AE7D19A
:1052B00001330120E36010BD2046FFF79DFFF3E7B7
:1052C00030B4C4680A462178522904D04F2902D04C
:1052D000104630BC70475229C56A08D003352021DA
:1052E0000134C5620023C46030BCFFF7E7BE02355D
:1052F0001F21F5E7C3681A785F2A01D001207047A3
:105300005A1C10B5C26004465A785F2A05D0FFF7D0
:1053100073FF002810DB012010BD0233C360FFF7CC
:105320006BFF002808DB0928F5DDE3681A785F2A9F
:1053300002D10133E360EEE7002010BD002971D0F7
:1053400038B505460C46A268012A34DCD5F81C01A4
:10535000B0F5806F2FDC23780132422BA2602BD86E
:10536000232B19D8013BDAB2222A24D8222B22D8A7
:10537000DFE803F03636365121211E1E363636362A
:1053800036363636363636363636362136363636D2
:105390003636363636363600A3F124010122C9B23C
:1053A0008A4021491140D9B992072AD1342B02D120
:1053B0002469002CC7D138BD453BDBB2192BFAD884
:1053C000012202FA03F3194A1A404AB9184A134251
:1053D00002D113F0180FEED0E468002CB3D1EAE745
:1053E000E168431C2846C5F81C31FFF7A7FF216977
:1053F0002846FFF7A3FFD5F81C31013BC5F81C3147
:1054000038BDE1680B78052BEBD1D5F83831013385
:10541000C5F83831E5E7D5F84431E1680133C5F81E
:105420004431DEE7704700BFEC7DFE7FC16F0002B4
:1054300006100400034658B1002004E0DA682AB1DF
:105440001B6901301BB11A78302AF7D070477047BA
:10545000704700BF20B907E039B10069013930B1A8
:105460000378302BF8D000207047C0687047704731
:10547000F0B54B1C1446526883B0A5680E46134421
:105480000746AB4211D8E5686DB9636832462068BB
:105490003946184408F02CFAD4E9003233449D54BC
:1054A00063683344636003B0F0BDE268002AFAD158
:1054B00055B16D00AB42FCD829462068FCF704FBCF
:1054C00038B12060A560DEE7022B4FF00205F0D86E
:1054D000F2E701902068FCF709FB019B0122C4E977
:1054E0000033C4E90232DEE703784B2B16D00DD827
:1054F000442B15D14378A3F1770003F0DF034F2B42
:1055000018BF012894BF012000207047562B05D0FA
:10551000A3F17200B0FA80F0400970470120704793
:105520000020704770B50D46D0F800110446FF29E1
:1055300006D04B1CC4F80031655484F8045170BD8A
:105540000026D0E9423280F8FF609847D4F828213D
:10555000012331461A44C4F80031C4F828216554A7
:1055600084F8045170BD00BFD0F810318BB15A6877
:10557000CB681069002B0BDB20B906E03BB100695A
:10558000013B10B10278302AF8D000207047C06883
:1055900070470123C0F81831F7E700BF2DE9F04745
:1055A000044608460D4608F019FA78B3013DD4F8D0
:1055B00000114FF000094FF001082F1808E0554680
:1055C000591CAF42C4F80011E65484F804611DD0A0
:1055D000FF296E7805F1010A0B46F0D1204684F8C8
:1055E000FF90D4E942329847D4F82831BA45C4F83C
:1055F000008103F1010226704FF0010384F8046179
:10560000C4F8282102D015F8026FD9E7BDE8F08769
:10561000002956D038B505460C462378342B1ED8C1
:10562000342B25D8DFE803F02C242424242E2C2925
:105630002924242424242424242424242424242425
:105640002C24242424242424242424242424242412
:105650002C242424242424242424242C2900433BE3
:10566000DBB21C2B04D8184A22FA03F3DB0707D459
:10567000E1682846FFF7CCFF18B92469002CCCD18B
:10568000002038BDD5F81031BBB15A68E368106905
:10569000002B0BDB28B9F3E73BB10069013B002885
:1056A000EED00278302AF7D0EAE7C0680028E7D0C9
:1056B0000378302BE5D00020E3E70123C5F818314B
:1056C000DEE70020704700BFE30C0010C26838B569
:1056D0001378542B24D1531C0446C36052785F2A9C
:1056E00020D06E2A1CD0FFF787FD411C18D4E36838
:1056F0001A785F2A14D10133D4E90520E36082428D
:105700000EDA236902EB820C0025013203EB8C00D8
:10571000C0E901556261052203F82C20C16038BD43
:10572000002038BD0021E6E72DE9F04788B00A46A1
:1057300004461E4901A8FDF72FFD01A808F04EF907
:1057400080B301AED4F800114FF000094FF001080A
:1057500006EB000A08E02E46591CB245C4F80011B9
:10576000E75484F804711DD03546FF290B4615F81F
:10577000017BF0D1204684F8FF900236D4E9423212
:105780009847D4F828315545277003F1010284F871
:1057900004714FF00103C4F80081C4F8282101D03E
:1057A0002F78D9E708B0BDE8F08700BFECEE001015
:1057B00070B50446FFF720FD051E25DDE668636829
:1057C0009B1B9D4227DCA26873195207E36002D538
:1057D000725D242A1AD0092D0FDD08221C4930469B
:1057E00007F094FC48B9337A5F2B18BF2E2B01D0F9
:1057F000242B02D1737A4E2B0FD02A4631462046F5
:10580000FFF7D8FCA06270BD002070BD0133092DE8
:10581000E360E2DCF1E70020F4E7E26AD4E9053175
:1058200016328B42A2EB0502E262F4DA226903EB44
:105830008300013307498500636102EB8000002388
:10584000C0E9013353551523C0E90313DAE700BF5C
:10585000F0EE0010FCEE0010C3682DE9F0411A785C
:10586000532A1FD15A1C0446C2605878F0B9A36865
:1058700003F00802C3F3C00383F00103DE075ED523
:10588000CB075CD5E3681B78433B012B8CBF00251D
:1058900001255B4B03F1C4011A78824251D01C33BD
:1058A0008B42F9D100252846BDE8F0819A1CE260C0
:1058B0005878A0F1300C5FFA8CF3092B0BD85F28D5
:1058C00015D10023226A9A42ECD9E26952F823509A
:1058D0002846BDE8F081A0F15F02B2FA82F25209D7
:1058E000002AECD1A0F14103192B08D9BFE700220F
:1058F00005E0E56008785F28A0F1300C1DD05FFA64
:105900008CFC02EBC203BCF1090F00EB830309D846
:10591000303B9A421A46C5D8E16808784D1C0028E9
:10592000C0D0E6E702EBC203A0F1410100EB830324
:105930001929A3F13703ECD9B4E70133C2E7D5083D
:10594000A7E75E69D4E90520AEB18242D3F818809A
:1059500054DA276902EB820C4FF0000E013207EB9C
:105960008C01C1E901EE4FF0180E626107F82CE0DE
:10597000C1E90368A162002D3BD0D3E90371E36A5A
:1059800082420B44E36237DA02EB8200531C226945
:1059900000264FF0180C02EB8005C5E90166636133
:1059A00002F820C0C5E90371E3681A78422A7FF43F
:1059B0007AAFA66A01332046E360FFF7F9FE2A4674
:1059C00003464E212046FFF779FBE36805461A7827
:1059D000422AEFD0A66200283FF464AFD4E908322F
:1059E0009342BFF65FAFE1695A1C41F8230022627F
:1059F00059E7D3E90171C2E70025D5E70021B9E7EE
:105A0000F4020110F8B5C3681A78572A27D1044662
:105A10000E4607E0E368E56945F8220021621A783E
:105A2000572A1CD15A1C5525E2605A78502A02D1B7
:105A300002335625E36037682046FFF7B9FE294652
:105A400003463A462046FFF739FB306030B1D4E9CF
:105A500008239A4202F10101DCDB0020F8BD01209D
:105A6000F8BD00BFC2682DE9F043044685B010467A
:105A7000FFF73AFD00BB1378552B68D8402B40F256
:105A80009580413B142B00F29180DFE813F09901DF
:105A90008F00850112018F009301C0008F008F00DD
:105AA0008F008F008F00C6018F00B200A4008F000E
:105AB00096008F00E600CE00002201A9204601F0EA
:105AC0002DFA054600283AD0E36820461B78462B7D
:105AD0003AD0FFF7C7FF2860002830D003781F3B7B
:105AE000012B05D8019AC368C2602A6801922B6015
:105AF000019D25B3D4E90832934220DAE1695A1CAA
:105B0000284641F82350226205B0BDE8F083012306
:105B1000256B2046236300F04DFF256302460023DA
:105B200045212046FFF7CAFA0546019038B1E368DF
:105B30001A7822B15A1CE2601B788B4228D00025CB
:105B4000284605B0BDE8F08300F00EFCC3E7A3F1E2
:105B500061015FFA81FCBCF1190F27D80123BB4D0D
:105B600003FA0CF31D40002D40F0D582BCF1140F58
:105B70001CD101322046E260FFF71AFE2B46024696
:105B800029212046FFF79AFA05460190002DD6D02C
:105B9000D4E908329342D2DAE1695A1C41F8235021
:105BA000019D2262284605B0BDE8F0830121204610
:105BB00005B0BDE8F04301F00BBB01322046E260C6
:105BC000FFF750FF0023024624212046FFF776FA14
:105BD00005460190DAE701322046E260FFF742FF16
:105BE0000023024623212046FFF768FA054601906C
:105BF000CCE701322046E260FFF734FF0023024683
:105C000025212046FFF75AFA05460190BEE70132EA
:105C10002046E260FFF726FF0023024627212046A8
:105C2000FFF74CFA05460190B0E701322046E260EA
:105C3000FFF7BEFDE368019005461A78492A00F097
:105C40008B822046FFF70EFF2B460246222120467C
:105C5000FFF734FA0546019098E72046FFF736FD36
:105C6000E668019005463378492B8FD1636B002B92
:105C700040F08D8200283FF462AFD4E908218A42C7
:105C8000BFF65DAFE16941F822000132226232784D
:105C9000493A012A05D801362046E66001F0E4F9C8
:105CA00003462A4604212046FFF708FA05460190DC
:105CB0006CE7531CE3605378002B3FF440AF931C18
:105CC000E3605378463B302B3FF639AF01A151F8E2
:105CD00023F000BFDB5E00103F5B00103F5B001055
:105CE0003F5B00103F5B00103F5B00103F5B00100C
:105CF0003F5B00103F5B00103F5B00103F5B0010FC
:105D00003F5B00103F5B00103F5B00100F5B00101B
:105D10003F5B00103F5B00103F5B00103F5B0010DB
:105D20003F5B00103F5B00103F5B00103F5B0010CB
:105D30003F5B00103F5B00103F5B00103F5B0010BB
:105D4000756000103F5B0010496000101960001082
:105D5000E95F0010B95F00103F5B0010895F001021
:105D6000CF6000103F5B00103F5B00103F5B0010F6
:105D70003F5B0010A16000103F5B0010FF6000104F
:105D80003F5B00103F5B0010595F00100F5B00107D
:105D9000AB5E0010515E001001322046E260FFF75A
:105DA00061FE0023024626212046FFF787F90546BB
:105DB0000190EBE6204600F0D7FA05460190E5E6B3
:105DC000511CE16053785F2B00F0C481303B092BFC
:105DD00000F2CF810D462E460135E5602B78303B31
:105DE000092BF8D9B21A2046FFF7E4F90746002834
:105DF0003FF4A5AE73785F2B7FF4A1AE2946013145
:105E00002046E160FFF72EFE3A4603462B2120464E
:105E1000FFF754F905460190B8E601322046E260EA
:105E2000FFF720FE054600283FF489AE2046FFF725
:105E300019FE034600283FF482AE2A462C21204654
:105E4000FFF73CF905460190A0E600BFFF7BEC039D
:105E500093785F2B00F0F481D4E905329342BFF6CA
:105E60006EAE226903EB83010020013302EB810552
:105E7000C5E9010063614423204602F82130FFF7A1
:105E8000BBF9E860E3681A785F2A7FF458AE013303
:105E90002046E360FFF7E6FD2A4603462E21204612
:105EA000FFF70CF90546019070E6D4E905329342FC
:105EB00080F2D981226903EB83010020013302EBD8
:105EC0008105C5E901006361282302F82130E36AF6
:105ED000B94A0733EA60E36232E62046FFF78CF9FD
:105EE000E36802461E78622E00F09081782E03D07F
:105EF0005F2E7FF424AE00260FFA82FE0133D4E930
:105F00000510814280F2AA81142027694FF0000C0D
:105F10004FF05F0901FB00F0DFF8CC8201313D1842
:105F2000C5E901CC616107F8009001A8A5F810E06F
:105F3000A249C5F80C80AE74E360FDF72DF901A805
:105F400007F04CFDEB68E26A5B681344002E18BF53
:105F500001330344E362F3E5D4E90532934280F26E
:105F60008281226903EB83010020013302EB81056A
:105F7000C5E901006361282302F82130E36A904AF1
:105F80000833EA60E362DBE5D4E90532934280F24C
:105F90006A81226903EB83010020013302EB810552
:105FA000C5E901006361282302F82130E36A854ACC
:105FB0000433EA60E362C3E5D4E90532934280F238
:105FC0005281226903EB83010020013302EB81053A
:105FD000C5E901006361282302F82130E36A7A4AA7
:105FE0000933EA60E362ABE5D4E90532934280F21B
:105FF0003A81226903EB83010020013302EB810522
:10600000C5E901006361282302F82130E36A6F4A81
:106010000A33EA60E36293E5D4E90532934280F201
:106020002281226903EB83010020013302EB810509
:10603000C5E901006361282302F82130E36A644A5C
:106040000933EA60E3627BE5D4E905329342BFF6A7
:1060500076AD226903EB83050133A900636102EB8E
:1060600085050023C5E9013353540E23594AC5E978
:10607000032365E5D4E905329342BFF660AD22699A
:1060800003EB83050133A900636102EB850500235F
:10609000C5E90133535404234F4AC5E903234FE5AF
:1060A000D4E90532934280F2DE80226903EB83015A
:1060B0000020013302EB8105C5E90100636128235B
:1060C00002F82130454AE36AEA60113342E7D4E935
:1060D0000532934280F2C780226903EB83010020DE
:1060E000013302EB8105C5E901006361282302F851
:1060F0002130E36A3A4A0833EA60E36220E5204649
:10610000FFF7B0FC002302464D212046FEF7D6FFE4
:10611000054601903AE501EB8103324901EB830129
:10612000D4E90535AB4280F2A180266903EB8307F1
:106130004FF0280C013306EB87050132C5E9010059
:10614000636106F827C0E36AE9604968E2600B44CE
:10615000E362F5E4002752E601332046E36000F0F5
:1061600083FF2A46034604212046FEF7A7FF054683
:1061700067E50123256B2046236300F01BFC2563A4
:10618000074600283FF4DBACE5682B7833E6731C48
:106190002046D4F81490E360D4F82080E76A00F039
:1061A00063FFE3681B78492B20D0E660C4F81490A5
:1061B000C4F82080E762E9E4B00A0110ECEE0010B8
:1061C000C40A01109C0A0110600A0110880A01101B
:1061D000740A01101CEF001014EF0010EC0A0110FB
:1061E000D80A011058080110000B0110002D3FF4CF
:1061F000A6ACD4E908139942BFF6A1ACE269034604
:1062000042F8215001312A4621624BE510287FF4E3
:1062100096AC0133D4E90521E3608A4223DA1423E2
:106220002169002002FB03F30132CD18C5E901000A
:1062300062612822CA540E4AE36AEA600F3389E693
:1062400003320123256B2046E260236300F0B2FB9A
:106250002563054600287FF415AE70E4054901A8C2
:10626000E360FCF799FF0023DB68FFDEC368FFDE15
:10627000140B0110ECEE001030B5044683B000237F
:10628000E16801AD01930B78A3F12E0283B3D3B281
:10629000242B19D8242A17D8DFE802F02A1616165C
:1062A000161616161616161616161616161616168E
:1062B0001616162A16161616161616161613162A59
:1062C00013004B78452B13D02046FFF7CBFB02463B
:1062D00000232F212046FAB1FEF7F0FE2860D8B146
:1062E000E16800F110050B78A3F12E02002BCED14E
:1062F000019888B103690BB103B030BDC268117851
:106300002829F9D1D268117C0929F5D1E16A5268AE
:10631000891AE162C360EFE7002003B030BD00BF1F
:10632000C36870B51A7805464A2A1AD081B1284642
:10633000FFF798FB044690B12846FFF79DFF034600
:1063400068B1224628462A21BDE87040FEF7B6BE55
:1063500028460C46FFF790FF03460028F1D10020A5
:1063600070BD0133C360E2E710B50446806810F4E5
:1063700080200BD1E26BB2F5006F06D8511CE368A8
:10638000E1631978462907D0E26310BDE3681A7803
:10639000462A01D0002010BD5A1CE2605A78592AC2
:1063A00001D10233E36001212046FFF7B9FF014626
:1063B0002046FEF785FFE3681A78452A06D00020BC
:1063C000A3685B03E1D4E26B013ADDE70133E360EC
:1063D000F6E700BFC3681A78542A49D170B55A78D5
:1063E00004460D466E3A0B2A09D8DFE802F014087D
:1063F0002208080831080808080A01232B60002039
:1064000070BD02335A210022C36020460023BDE83C
:106410007040FEF753BE0233C360FFF723FB024612
:106420000028EAD020465B210023BDE87040FEF73B
:1064300045BE02332946C360FFF7CCFF0246002861
:10644000DBD020465D210023BDE87040FEF736BE5C
:1064500002332946C36000F00DF802460028CCD074
:10646000E36819784529C8D101335C21E360CCE7A2
:106470000020704770B5002382B005460E4601AC7F
:10648000019302E0236003F1100431462846FFF730
:10649000A1FF03460028F5D1019A32B159212846BF
:1064A00002B0BDE87040FEF709BE02B070BD00BF8B
:1064B000C3682DE9F0411F780646002F37D05A1CDB
:1064C000C26093F801801F78B8F1000F31D14921E3
:1064D0000022394D8B1A48BF013302EB63031801C8
:1064E00005EB031E2C5894F800C0BC4507D094BFA0
:1064F0005A1C19468A42EDD10020BDE8F08160782F
:106500004045F4D1D6E905329342F5DA326903EB1E
:1065100083010024013302EB8100C0E9014473616F
:10652000332302F82130C0F80CE0BDE8F081B84612
:10653000CDE79A1C762FC26093F801801FD1A8F195
:106540003004E3B2092BC2D8FFF732F90246D6E98C
:1065500005318B42D0DA03EB83003569013300212A
:10656000870005EB8000C0E901117361002AC3D0E8
:106570003423C0E90111EB55C0E90342BDE7632FA5
:10658000A5D1B8F1760FA2D1D0E90C34B3FA83F3D8
:106590005B094363FFF766FA736B02463BB1002366
:1065A00036213046FEF78AFD7463BDE8F08135215F
:1065B0003046FEF783FDF7E7B80301102DE9F043FD
:1065C00085B00F46044601A90192FFF71BFA002887
:1065D00000F0C980E2681378462B00F08980A3F1AF
:1065E00030020026092A40F28C80A3F16102192AA8
:1065F00029D86F2B256B00F0D2802046FFF758FF7B
:1066000025630546002800F0F1800378332B7CD108
:10661000C268E36A916807330B44E36213681A782F
:106620006C2A72D15A78692A6FD19B78002B6CD171
:106630002046FFF7BDF82A46034638212046FEF7DC
:106640003DFD054661E0442B00F0B380A3F1430219
:10665000012A40F2A7814C2B78D0552B40F0838043
:10666000E3685A786C2A00F01681742A7BD11A7874
:10667000552A40F0BB805A1C019DE2605A78742A6A
:1066800040F0B4809A1CE2609B785F2B00F085811B
:106690006E2B00F089812046FEF7AEFD10F1010C53
:1066A00000F1A480E26813785F2B40F09F800132F4
:1066B000E260D4E90532934280F29880226903EBCC
:1066C00083010020013302EB8105C5E9010063610C
:1066D0004A2302F82130C5F80CC0D4E908329342AD
:1066E00080F28480E26942F82350013323620CE097
:1066F000531C0646E3605378A3F13002092A3FF6A3
:1067000074AF2046FFF754F80546019B2BB12A468B
:1067100057212046FEF7D2FC0546E3681A78422A44
:1067200026D05EB937B12B463A4601212046FEF706
:10673000C5FC0546284605B0BDE8F0832A4600237F
:1067400051212046FEF7BAFC0546EBE7E3682046F8
:106750000133E360FFF72CF8054620B12046FEF731
:10676000C9FD0028D1D10025284605B0BDE8F08339
:10677000D4F8288001332046E360FFF719F82A4651
:1067800003464E212046FEF799FCE36805461A7839
:10679000422AEFD0C4F82880002EC3D0CEE7E368A9
:1067A0005A786E2A7FF429AF0233E3600023236313
:1067B00023E7E3685A78432A00F0BC80A26A3AB122
:1067C000117809B1182903D1E16A10690144E16225
:1067D000197843290CD0442908D159783039052932
:1067E00004D8DFE801F0552D52034F4C00258CE70B
:1067F0005978492900F0BF80A1F131000428F5D86B
:10680000303902335FFA81F8E360D4E905318B4215
:10681000ECDA03EB8301D4F810C0013300200CEB59
:1068200081058900C5E901006361002ADED00723E4
:10683000C5E901000CF8013085F80C802A6164E795
:106840004FF0020E0233E360D4E905318B42CDDA1A
:1068500003EB8301D4F810C0013300200CEB810559
:106860008900C5E901006361002ABFD00823C5E99A
:1068700001000CF8013085F80CE02A6145E74FF083
:10688000050EDFE74FF0040EDCE74FF0030ED9E70B
:106890004FF0010ED6E71A78552AA7D15A1CE260AC
:1068A0005A786C2AA2D10233002203A92046E36061
:1068B0000392FFF7DFFDDDF80C908046B9F1000F81
:1068C00094D12046FFF7D8FC00288FD0B8F1000FF4
:1068D00066D0C8F81000E2681378452B86D1531CA7
:1068E000E36052785F2A0ED06E2A3FF47FAF2046D5
:1068F000FEF782FC10F101093FF578AFE3681A78E2
:106900005F2A7FF473AF0133E360D4E90532934229
:10691000BFF66CAF226903EB83010020013302EB69
:106920008105C5E901006361482302F82130C5E90A
:106930000389EAE602334FF00008E3602046C146CF
:10694000FEF736FF0023024654212046FEF7B6FB31
:106950008046B9F1000F0CD0C9F81000B8F1000F53
:106960003FF444AFE3681A78452AE7D10133E36086
:10697000CBE60546F2E75A1CE2609A78A2F13101B3
:1069800004293FF633AF0333303A2046E3605FFA21
:1069900082F8FFF767F8A26A37E74FF0000C86E647
:1069A000804698E7E36809E7002D3FF4BAAE2B462E
:1069B0000025ACE6C26813784C2B00F0E580542B20
:1069C00000F0E480732B2DE9F04104461DD0662BC6
:1069D00042D0A3F13001092906D96F2B6ED153782B
:1069E0006E2B19D10232C260002220461146FFF7F9
:1069F000E5FD0546002800F0C580E3681A78492ABD
:106A000000F0AC802846BDE8F0815378722B00F08E
:106A10008880702B00F071812046FFF749FD054604
:106A2000002800F0AF800378332B66D0342B00F0C1
:106A3000C280352B40F0A680E3681A785F2A00F008
:106A40004B812046FFF7B6FF03462A4620463821F1
:106A5000BDE8F041FEF732BB5378702BDCD1931CBC
:106A6000C3609378542B00F044815F2B00F0B38017
:106A70006E2B00F08780FEF7BFFB411C00F1828087
:106A8000E3681A785F2A7DD16FF0004201339142AA
:106A9000E36077D00230D4E90532934272DA22699A
:106AA00003EB83010026013302EB8105C5E9016692
:106AB0006361062302F82130E860A3E7692B01D067
:106AC000742B65D151786C29A6D10232742BE26007
:106AD00000F05F8100251378002B53D05378002BF2
:106AE00050D04521204600F0DFF92A4603463221E6
:106AF0002046BDE8F041FEF7E1BAC168E36A8A6862
:106B00000E68023A1344E3623378732B33D1727800
:106B1000742A30D1B27872BB2046FEF7A3FF034639
:106B200093E7931C816BC36051B19378552B00F2AE
:106B30009281422B00F25C81303B092B40F2608154
:106B40002046FEF78FFF014600222046FFF736FD64
:106B5000E36805461A78492A7FF454AF013320468A
:106B6000E36000F081FA2A46034604212046BDE88E
:106B7000F041FEF7A3BACF68032F03D8DFE807F090
:106B8000232F784D00253DE700F076BFFEF79EBD30
:106B9000752B7FF441AF0132C260FEF709FE054656
:106BA000204600F061FA2A46034640212046BDE80F
:106BB000F041FEF783BAC368012B3FF442AF032BC9
:106BC000E0D0002BDED12A46204600233721BDE845
:106BD000F041FEF773BA03320120E2605BE73278DE
:106BE0006D2A00F09680702A00F093800027732BA6
:106BF0007AD17378502B77D1B378002B74D120469B
:106C000000F032FA0346002F3FF41FAF1A463A2134
:106C10002046FEF753FA034617E7712B40F08680B3
:106C20007278752A40F08280B278002A7ED12046A0
:106C3000FFF7C0FE06462046FFF7BCFE074620468B
:106C4000FFF7B8FE034600289CD03A463D21204677
:106C5000FEF734FA324603463C212046FEF72EFA70
:106C60002A4603463B212046BDE8F041FEF726BAFE
:106C700071783278632900F0D380662A00F0F980B9
:106C8000642B40F0ED807378692B40F0E980B27896
:106C9000002A40F0E58011462046FFF78FFC0746AA
:106CA0003378632B7BD172786C2A78D1B278002A42
:106CB00075D14521204600F0F7F8064633463A469E
:106CC0003A212046FEF7FAF92A46034639212046A2
:106CD000BDE8F041FEF7F2B9013345212046E360FB
:106CE00000F0E2F80346B0E62046FFF763FE0346F5
:106CF00089E703320020E260CDE60232C260FFF78E
:106D000059FE002302464D212046BDE8F041FEF722
:106D1000D5B9717891427FF469AFE26811785F2943
:106D20007FF465AF0132E26033785FE7642B06D110
:106D30007378582B03D1B378002B3FF478AF3378B6
:106D4000662B00F09B806E2B7FF41CAF7378772B43
:106D500002D0612B7FF416AF5F21204600F0A4F82B
:106D600006462046FEF77EFEE36807461A78452A67
:106D700000F09480702A00F08580692A7FF402AFC9
:106D80005B786C2B7FF4FEAE2046FFF713FE0346C4
:106D90005BE72046FEF766FEE26805469BE6642B4D
:106DA0004CD17278742A49D1B278002A46D1E3686E
:106DB0001A78672A59D0732A02D15B78722B45D092
:106DC000002220461146FFF7F9FBE36806461A78D1
:106DD000492A7FF473AF01332046E36000F044F9A1
:106DE0003246034604212046FEF768F9064665E769
:106DF000433B2C4ADBB222FA03F3DB077FF5A0AE5C
:106E00004FF0FF3300212046A36300F07FF9E368D1
:106E100001461A78452A7FF497AE0133E36093E682
:106E2000A2F17201012904D9A2F1630101293FF6FF
:106E300024AF2046FEF716FE074631E7702B05D13A
:106E40007378742B02D1B378002BB0D02046FFF7B3
:106E5000B1FD064632E7613B192B3FF671AECFE735
:106E60002046FFF7A7FD07461AE75B78732BA7D1EB
:106E7000ECE72046FFF71CFB074611E72046FFF72B
:106E800017FBD7E65A78692A7FF47CAE0233452196
:106E90002046E36000F008F80346D6E60133E360DD
:106EA0000023D2E601020400C26800232DE9F0416C
:106EB0000E46117882B00446B142019324D001AD50
:106EC000012709E0FEF7FAF8286000F1100588B103
:106ED000E3681A78B24211D0D4F830802046276394
:106EE000FFF768FD024600232F212046C4F83080BA
:106EF000002AE7D1002002B0BDE8F08101330198FB
:106F0000E36002B0BDE8F081511C1A46C1602F2138
:106F100002B0BDE8F041FEF7D1B800BF2DE9F84F4F
:106F200091460E46C268044609F0010335461178C1
:106F3000002B15BF4FF01E0A4FF01B0A4FF01D0823
:106F40004FF01A0814BF1C27192720E0562937D004
:106F50004B293BD053787BB3931CE3605378782B59
:106F60003AD003F0DF024F2A6BD1E26A4F2B02F1D5
:106F70000902E26236D00023522100222046FEF7A9
:106F80009DF82860C0B1E26800F10C051178104648
:106F9000FEF7AAFA002839D0531C7229E360D5D134
:106FA000E26A3946002320460932E2620022FEF7F7
:106FB00085F828600028E6D100252846BDE8F88F2E
:106FC000E26A414600230932E262D6E7E26A5146AC
:106FD00000230632E262D0E7E36A4F211133E36215
:106FE0000023CAE70123D4F830B020462363FFF71B
:106FF000E1FCC4F830B003460028DDD0E268117827
:107000004529D9D101325221E260B6E719F0010FCA
:10701000D3D14629D1D1B542CFD01D201E211C226B
:1070200007E01B2B0BD0192B00D132700C36B54268
:10703000C3D0366833781A2BF3D13070F6E731704D
:10704000F4E7772BB8D1E36A20460633E362FFF713
:1070500013F903460028AFD0E26811784529ABD177
:1070600001325321E26088E7C368F0B51A7883B033
:107070000446866A452A25D0002301AD01930BE022
:10708000FEF71CF8286000F1100570B1E1680B787C
:10709000452B0ED0512B0CD0204600F06BFD024644
:1070A000002330212046002AEAD10025284603B0DB
:1070B000F0BD512B019D0FD001312846A662E16041
:1070C00003B0F0BD5A1C00233021C2601A4603B041
:1070D000BDE8F040FDF7F2BF01230131276B2046E8
:1070E0002363E160FFF766FC2763034650B12A463D
:1070F0005E212046FDF7E2FFE16805460B78452B4F
:10710000D3D1D9E7E16805460B78F8E770B5C268D6
:10711000002405460E461378442B24D0493B0B2B04
:1071200007D8DFE803F0430606063F060606060614
:10713000312B002221462846FFF740FA0446002C56
:1071400043D0EA681378452B40D0002EE3D0D5E930
:1071500008318B4239DAE96941F8234001332B6267
:107160001378442BDAD1537803F0DF03542BE0D1AA
:107170005CBB2846FEF776FC0446E0E72CBB2846BD
:10718000FEF7A4FA0446DAE701212846FEF764FB7D
:107190000246D0B10378553B012BCBD9ACB904469C
:1071A000EA68B8E7531C1A46EB60B4E76CB10132E9
:1071B0002846EA60FFF758FF034630B12246042113
:1071C0002846FDF77BFF0446B9E70024204670BD42
:1071D000C268F0B5137885B004460D464E3B0C2BC3
:1071E00008D8DFE803F065070707072B0723070721
:1071F00007078C000022164631462046FFF7DEF9CD
:10720000E36802461978492931D065B1002A00F0B7
:10721000B280D4E908318B4280F2AD80E069591C1C
:1072200040F823202162104605B0F0BD002211462F
:10723000FFF7C4F90246002DE8D1F4E75378742B28
:1072400000F09F80002600212046FEF705FB024645
:10725000002800F090800378553B012BCCD9002EFC
:1072600040F08980E36819784929DCD110E00028D2
:1072700000F08180D4E9081081427CDAE06940F8AE
:1072800021200131216219784939012900F2D78082
:10729000013320460192E360FFF7E6FE019A0346C0
:1072A00004212046FDF70AFF0246002DAED1BAE7C1
:1072B000531CC3605378482B00F0B480012203A90B
:1072C000FFF72CFE0746002855D000212046FDF789
:1072D000F7FF064601212046FFF718FF3860002817
:1072E00049D016B1039B0396F360E3681A78452AE8
:1072F00041D10133039AE360002D87D193E7531CFA
:10730000C3605178472938D0A1F15401B1FA81F115
:10731000490991BB00F0CAF8064666B3E3681A78DB
:10732000452A28D15A1CE2605A78732A00F09280CC
:10733000642A45D000212046FFF74AFF0346002873
:1073400000F08680027802F0FD02482A0CD13278E3
:10735000032A76D0324602212046FDF7AFFE0246D0
:10736000002D7FF453AF5EE701902046FDF7C2FF8A
:10737000019B0028EBD1002255E700F033F90646C7
:10738000CBE7911C4369C16081698B427EDA016958
:1073900003EB8306013343610023B00001EB860653
:1073A000C6E901330B543F4BF36003233361E36AB7
:1073B0000333E3629378532B3FF445AF00221BE77E
:1073C0009A1CE2609B785F2B62D06E2BD3D0204654
:1073D000FDF712FF471CCED4E26813785F2BCAD1A9
:1073E000013200212046E260FFF7F2FE014620B1A3
:1073F000037803F0FD03482B4CD1D4E905239A42CE
:1074000026DA206902EB820C4FF0000E013200EB0D
:107410008C03C3E901EE6261492200F82C20C3E924
:10742000031794E7C16A0232002303AF0531C2603B
:107430001A46C1622121FDF741FE06464AE70023B4
:107440002EE7326911782A2984D10021D16081E7A1
:1074500000237CE702332046E360FDF74BFF002862
:1074600089D0D4E905239A42F2DA216902EB82033A
:1074700001329800626101EB83030022C3E901221B
:107480000A54094ADA600E221A6160E700268EE784
:107490000027A5E701902046FDF72CFF0199002861
:1074A000ABD168E73CEF00102CEF00102DE9F04164
:1074B0000E4600210546FFF78BFE002861D00446EA
:1074C000F6B1AB68DB071BD423784F2BA3F11C016B
:1074D000A3F1520247D044D8052944D9022B0CD13C
:1074E0002369002B4DD01A784F2AA2F11C00A2F17B
:1074F000520142D03FD805283FD92046BDE8F0814F
:10750000EB681B78002BF8D0452BF6D023461A7871
:10751000042A3AD029D94F2A06D0A2F11C01A2F19F
:10752000520242D8052902D8DB68002BEFD1002196
:107530002846FEF7F5FE074618B336B92378022B26
:1075400003D103782A2B08BFC660EB681A78512A4A
:1075500033D03B46224628460321BDE8F041FDF7E3
:10756000ADBD012AC9D8E468AEE7022ADFD11B69A4
:10757000002BCCD1DBE70129BFD8DB682361002BCE
:10758000B1D100242046BDE8F081DA685AB1137801
:10759000082B03F1FF310BD8062BC8D8012902D8DC
:1075A0001269002AF3D10121C2E7012ABCD9BEE742
:1075B000B3F1360118BF0121BAE7013301222E6B66
:1075C0002846EB602A63FFF7F5F92E63034630B1D6
:1075D0003A465E212846FDF771FD0746B9E70746A2
:1075E000B7E700BFC16AC36801F114022DE9F04397
:1075F00083B0C2621A780446542A29D0472A23D17C
:107600005A1CC2605A78FAB19A1CC2605A78562A3B
:1076100000F2E980402A17D9413A152A14D8DFE848
:1076200002F0D2131313131313130B1313131313A7
:10763000131313B4139D1391002501A90195FEF7AF
:10764000E1F9002840F02081002003B0BDE8F0837C
:107650005A1CC2605A78002AF6D09A1CC2605B7825
:10766000413B352BF0D801A252F823F0E37800100B
:1076700049760010BD790010497600104976001057
:10768000B179001049760010F1790010EF78001000
:10769000FB780010497600104976001049760010FA
:1076A000497600104976001049760010497600109E
:1076B0004976001007790010137900104976001000
:1076C00023790010337900104976001049760010B4
:1076D000497600104976001049760010497600106E
:1076E000497600104976001049760010497600105E
:1076F0004976001041790010497600104976001053
:107700004976001049760010817900104976001002
:10771000497600104976001049760010497600102D
:10772000497600104976001049760010497600101D
:10773000497600104976001049760010497600100D
:10774000AF7800100021FFF743FD0023024613210C
:10775000204603B0BDE8F043FDF7B0BC9A78002A9C
:1077600000F09D80DA1CC2609A78DB786E2A00F007
:107770006581472B02D0542B40F091802046FFF7C3
:1077800031FF024600234B21E2E70021FFF720FDF5
:107790000646D4E90512914280F28780226901EB06
:1077A00081000023013102EB8005C5E90133442348
:1077B000616102F820302046FDF71EFDE8602B468F
:1077C00032461621C4E79978472964D0A1F15401C3
:1077D000B1FA81F1490900295DD1FFF767FE024640
:1077E00000231721B4E7722A7FF42EAFFDF704FDC2
:1077F00001287FF729AFE3681A78002A3FF424AF05
:107800005E1CE6601B785F2B7FF41EAF0027451ED1
:107810004FF04309B8463378002B3FF415AF242BC3
:1078200040F0ED807378532B00F002815F2B00F065
:107830000181242B7FF408AF1A46E668D4E90513CA
:107840000236994280F2F880206901EB810C023DFA
:10785000013100EB8C03C3E90188616100F82C90D1
:10786000DA60E660002F00F0E1803A4642212046CF
:10787000FDF724FC074600283FF4E6AE002DCADCE5
:1078800000233A46412163E7019A002A3FF4DCAE27
:107890002B4658215CE7FFF7A5FE0246A0E7002132
:1078A0002046FFF703FE02466CE7002587E77621B6
:1078B000FDF7DAFC00283FF4C7AEE36820461B78EA
:1078C000472B00F0CD80A3F15401B1FA81F14909B1
:1078D000002940F0C580FFF7E9FD02460023102192
:1078E00036E700F047F900230246312130E7FEF782
:1078F000B9F8002302460C212AE7FEF7B3F800236B
:107900000246122124E7FEF7ADF8002302460D21BE
:107910001EE70A31C162FEF7A5F8002302460A21DC
:1079200016E70F31C162FEF79DF8002302460921D8
:107930000EE70021FFF74CFC00230246152107E764
:107940000021FDF791FC00283FF47EAE0021204687
:10795000FDF78AFC00283FF477AEE36820461B78E9
:10796000472B00F08580A3F15401B1FA81F1490958
:1079700000297DD1FFF79AFD024600231121E7E699
:107980006821FDF771FC00283FF45EAEE3682046F5
:107990001B78472B60D0A3F15401B1FA81F149095A
:1079A000002959D1FFF782FD024600230F21CFE6BF
:1079B000FEF758F8002302460E21C9E6FEF752F8FA
:1079C00005462046FDF718FC0028FFF63DAEE368AB
:1079D0001A785F2A7FF438AE01332046E360FEF761
:1079E00041F8E66A02462B4605360B21E662AFE611
:1079F0000021FFF7EDFB002302461421A8E6711ECB
:107A0000002211F8013F23B1242B02D00132AA42F7
:107A1000F7D131462046FDF7CDFBE668AD1A0346A7
:107A20001644E66000287FF41DAF0DE61F4625E7EB
:107A30002F2202E72E2200E7E66005E6472B13D04F
:107A4000A3F15401B1FA81F1490969B9FFF72EFD9B
:107A5000024600234C217BE6FFF7C4FD0246A4E763
:107A6000FFF7C0FD024639E7FFF7BCFD0246F0E72D
:107A7000FFF7B8FD024680E7C268F8B513784C2BD3
:107A80001ED1531C0446C36051785F294AD05A293D
:107A900019D0FDF7E7FF054690B10378E668282B7B
:107AA00047D033786E2B28D03E27452B5BD032460B
:107AB00003E0E2601378452B25D00132002BF8D18A
:107AC00000252846F8BD5F292CD05A1C2046E260CC
:107AD0005978472941D0A1F15401B1FA81F14909FE
:107AE00000293AD1FFF7E2FCE36805461A78452AF7
:107AF000E6D101332846E360F8BD721C3F27E260FF
:107B000073781646D1E7921B31462046FDF752FBAB
:107B10002A46034639462046FDF7D0FAE368054673
:107B20001A78E4E7931CE36092785A2ACDD00025B6
:107B3000DDE7C3681A7C1AB1E26A5968521AE26238
:107B400018680B4905F050FD33780028AAD1452B61
:107B50000BD06E2BD1D03E27A9E7FFF743FDE3689A
:107B600005461A78C3E70022CEE70136E660A8E7AB
:107B700040EF001038B5C3681A784C2A1BD0044671
:107B800008D8493A012A1AD80133C360BDE8384001
:107B9000FFF76ABA582A12D101330122056BC3607C
:107BA0000263FEF707FFE36825631A78452A0BD1C5
:107BB0000133E36038BDBDE83840FFF75DBF2046C4
:107BC000BDE83840FDF74EBF002038BD2DE9F04F2D
:107BD000044699B0002A00F08380D0F81871002F75
:107BE00040F08180167815465F2E79D8DFE816F0D0
:107BF00022054B014B01C00630096000790A0D01D6
:107C0000840A45033F0330032A03F004A5047304E8
:107C100041040F04DD03AB037903470A150AE309A6
:107C2000AB09A300A300A30086008600860086009F
:107C300086008600860086002A012A0186008600CA
:107C40006A097E000403D007C2007800C2005A010E
:107C50005A01FE08AB077207400778000E07A30918
:107C6000B80B5A0B7800170B78007800DA00DA00AE
:107C700032085D0855088D0AA80ACA088F081B0239
:107C8000B50178008301E901E50AFE0BC60B860009
:107C90006B0CB905860086006F050F010F015A05B0
:107CA0008106530621067E00EF0585024D02BB02C8
:107CB000D668D0F82031721C934241F39887D0F8EF
:107CC000103131465B68DB68002E02F0DC801BB9A6
:107CD00006E0002902F0D7801B690139002BF8D19A
:107CE0000123C4F8183119B0BDE8F08FEA681121FA
:107CF000204619B0BDE8F04F02F090BDD0F8142135
:107D000008ABCDE90825C0F814310022D0F81031B5
:107D1000CDE90A23EA681121204602F07FFD0A9B83
:107D2000002B01F03B86089BC4F81431002FDAD0F9
:107D3000C4F81081D7E7D0F81411002902F0A2840A
:107D40000B469A683AB95A681278A2F119000228CB
:107D500004D89642CAD01B68002BF2D108AB00228F
:107D6000C4F81431D4F81031CDE90815CDE90A234F
:107D7000EA68D0E70023D0F8142108A909950A93EE
:107D8000D0F81031C0F81411112108922A690B9310
:107D900002F044FD0A9B002B01F0C587089BC4F844
:107DA0001431A0E7D2681378282B41F05787D368A5
:107DB0001F7C062F02F20F8027B12B691B78002B46
:107DC00002F04084D4F80011FF2902F00D824B1C10
:107DD000C4F80031282320466354112184F804316B
:107DE00002F01CFDD4F80011FF2902F0ED814B1CBC
:107DF000C4F800312923635484F804312B783F2BD5
:107E000002F0DC81082F02F0CD812A696FE7D26889
:107E1000002A01F02687112102F000FD2B78562B55
:107E200001F02287EB68002BEFD02E26D4F800114A
:107E3000FF2902F096824B1CC4F80031665484F886
:107E40000461E2E7D268D0F820911378B9F1000F0D
:107E500003D1052B02F04C824F461046242B01F033
:107E60006F879E42D4E9441C02F0AF80252B01F0BD
:107E70009C8508ABCDF820C00B91C4F814310023C9
:107E800009950A9347E7D268112102F0C7FCD2494D
:107E90002046FDF783FB2D692B78492B01F04883A1
:107EA0002A4624E7D26812B1112102F0B7FC2B69EF
:107EB000002B3FF418AFD4F80011FD2902F27080B6
:107EC000C6492046FDF76AFB2A6911212046D4F8ED
:107ED0002851D4F8006102F0A1FCD4F82831AB425B
:107EE0007FF401AFD4F80031B3427FF4FCAE023B23
:107EF000C4F80031F7E6BA4E4FF0000AD0F800118E
:107F00004FF0010906F10E0B09E04646591CB34536
:107F1000C4F80011E75484F8047101F04684FF2985
:107F2000777806F101080B46EFD1204684F8FFA0D0
:107F3000D4E942329847D4F82831D845277003F164
:107F4000010384F80471C4F80091C4F8283101F0E9
:107F50002C8416F8027F0123D8E7A24E4FF00008C8
:107F6000D0F80011012706F1070B0AE05646591C0C
:107F7000B345C4F8001104F8039084F8049101F0AB
:107F80002385FF2996F8019006F1010A0B46EDD1F1
:107F9000204684F8FF80D4E942329847D4F828314B
:107FA000DA4584F8009003F1010384F80491C4F8E1
:107FB0000071C4F8283102F07A8016F8029F01237C
:107FC000D5E7894E4FF0000AD0F800114FF00109B3
:107FD00006F1160B09E04646591CB345C4F80011DA
:107FE000E75484F804713FF481AEFF29777806F1F5
:107FF00001080B46EFD1204684F8FFA0D4E94232B5
:108000009847D4F82831C345277003F1010384F859
:108010000471C4F80091C4F828313FF467AE16F833
:10802000027F0123D8E7714E4FF0000AD0F800110B
:108030004FF0010906F11C0B09E04646591CB345F7
:10804000C4F80011E75484F804713FF44FAEFF29DF
:10805000777806F101080B46EFD1204684F8FFA09F
:10806000D4E942329847D4F82831C345277003F148
:10807000010384F80471C4F80091C4F828313FF476
:1080800035AE16F8027F0123D8E7DFF868811121A9
:10809000D2684FF0000A02F0C1FB08F10A0BD4F8D5
:1080A00000114FF0010909E0B046591CC345C4F85E
:1080B0000011E75484F804713FF4A7AE4646FF2947
:1080C0000B4616F8017BEFD1204684F8FFA008F19B
:1080D0000208D4E942329847D4F82831B3452770D2
:1080E00003F1010384F80471C4F80091C4F8283145
:1080F0003FF48BAE37780123D7E73D4F1121D2688B
:108100004FF0000902F08AFB07F1030AD4F80011CE
:108110004FF0010809E02F46591CBA45C4F8001178
:10812000E65484F804613FF4DEAD3D46FF290B467A
:1081300015F8016BEFD1204684F8FF900237D4E99F
:1081400042329847D4F82831AA45267003F101033A
:1081500084F80461C4F80081C4F828313FF4C3AD49
:108160002E780123D8E7D268D2E90063002B01F012
:1081700075833344D0F80011013E4FF0000A03F13B
:10818000FF3B4FF0010909E04646591CB345C4F8CE
:108190000011E75484F8047101F06083FF297778B7
:1081A00006F101080B46EFD1204684F8FFA0D4E980
:1081B00042329847D4F82831C345C4F8009103F1FE
:1081C0000103277084F80471C4F8283101F0468354
:1081D00016F8027F0123D8E760EF00105CEF001073
:1081E000CBF10010BFF10010E7F000109FF100107C
:1081F0006CF1001014F20010D268CAB108ABD0F8CC
:1082000014110995C0F814310023089111210A9323
:10821000D0F810310B9302F001FB089A0A9BC4F8C6
:108220001421002B7FF45FAD20212046FDF77AF961
:10823000D4F814312A461121204619B0BDE8F04F78
:1082400002F0C4BEC249FDF7A9F91121EA684FE561
:10825000C049FDF7A3F9EA681121204602F0DEFAD1
:10826000BD492046FDF79AF911212A6940E5BB492D
:10827000FDF794F91121EA683AE5DFF800834FF041
:10828000000AD0F800114FF0010908F10B0B09E0CA
:10829000B046591CC345C4F80011E75484F8047172
:1082A0003FF424AD4646FF290B4616F8017BEFD17B
:1082B000204684F8FFA008F10208D4E9423298472A
:1082C000D4F82831B345277003F1010384F8047111
:1082D000C4F80091C4F828313FF408AD3778012381
:1082E000D7E79F4E4FF0000AD0F800114FF0010978
:1082F00006F1160B09E04646591CB345C4F80011B7
:10830000E75484F804713FF4F1ACFF29777806F163
:1083100001080B46EFD1204684F8FFA0D4E9423291
:108320009847D4F82831C345277003F1010384F836
:108330000471C4F80091C4F828313FF4D7AC16F8A2
:10834000027F0123D8E7874E4FF0000AD0F80011D2
:108350004FF0010906F1130B09E04646591CB345DD
:10836000C4F80011E75484F804713FF4BFACFF294E
:10837000777806F101080B46EFD1204684F8FFA07C
:10838000D4E942329847D4F82831C345277003F125
:10839000010384F80471C4F80091C4F828313FF453
:1083A000A5AC16F8027F0123D8E76F4E4FF0000A04
:1083B000D0F800114FF0010906F10F0B09E0464615
:1083C000591CB345C4F80011E75484F804713FF414
:1083D0008DACFF29777806F101080B46EFD12046D6
:1083E00084F8FFA0D4E942329847D4F82831C34535
:1083F000277003F1010384F80471C4F80091C4F8F4
:1084000028313FF473AC16F8027F0123D8E7574EAA
:108410004FF0000AD0F800114FF0010906F11A0BD5
:1084200009E04646591CB345C4F80011E75484F8E6
:1084300004713FF45BACFF29777806F101080B4625
:10844000EFD1204684F8FFA0D4E942329847D4F80F
:108450002831D845277003F1010384F80471C4F86A
:108460000091C4F828313FF441AC16F8027F012393
:10847000D8E73F4E4FF0000AD0F800114FF0010945
:1084800006F1110B09E04646591CB345C4F800112A
:10849000E75484F804713FF429ACFF29777806F19A
:1084A00001080B46EFD1204684F8FFA0D4E9423200
:1084B0009847D4F82831D845277003F1010384F890
:1084C0000471C4F80091C4F828313FF40FAC16F8D9
:1084D000027F0123D8E7274E4FF0000AD0F80011A1
:1084E0004FF0010906F1150B09E04646591CB3454A
:1084F000C4F80011E75484F804713FF4F7ABFF2986
:10850000777806F101080B46EFD1204684F8FFA0EA
:10851000D4E942329847D4F82831D845277003F17E
:10852000010384F80471C4F80091C4F828313FF4C1
:10853000DDAB16F8027F0123D8E70F4E4FF0000A9B
:10854000D0F800114FF0010906F1100B22E000BF36
:10855000F4EF0010D0EF0010ECEF0010C4EF0010AB
:1085600083F000106FF000105FF0001043F0001077
:108570002FF000102BF0001017F00010B8EF0010D3
:108580004646591CB345C4F80011E75484F80471F9
:108590003FF4ACABFF29777806F101080B46EFD129
:1085A000204684F8FFA0D4E942329847D4F8283115
:1085B000C345277003F1010384F80471C4F80091E6
:1085C000C4F828313FF492AB16F8027F0123D8E7B4
:1085D000CD4E4FF0000AD0F800114FF0010906F11E
:1085E000120B09E04646591CB345C4F80011E75484
:1085F00084F804713FF47AABFF29777806F101081B
:108600000B46EFD1204684F8FFA0D4E942329847C8
:10861000D4F82831C345277003F1010384F80471AD
:10862000C4F80091C4F828313FF460AB16F8027F1B
:108630000123D8E7D2E90353002B3FF454AB2B447A
:10864000D0F80011013D4FF0000903F1FF3A4FF05F
:10865000010809E03D46591CAA45C4F80011E6543A
:1086600084F804613FF43FABFF296E7805F1010700
:108670000B46EFD1204684F8FF90D4E94232984768
:10868000D4F82831BA45C4F8008103F101032670FB
:1086900084F80461C4F828313FF425AB15F8026F63
:1086A0000123D8E71121D26802F0B8F8D4F80011FC
:1086B000FF2901F025854A1C4023C4F800212046EB
:1086C0006354112184F804312A69FFF712BBD0F8F2
:1086D0000011FF2901F003854A1C5B234FF0000ABB
:1086E000AB46C4F80021635484F80431DBF80C2055
:1086F0001121204602F092F8DBF810B0D4F80011F6
:10870000BBF1000F01F00181DFF81082012508F1B3
:10871000020908E0B046591CC145C4F80011E754ED
:1087200084F80471E2D04646FF290B4616F8017B17
:10873000F0D1204684F8FFA008F10208D4E94232C3
:108740009847D4F82831B145277003F1010384F824
:108750000471C4F80051C4F82831C7D03778012318
:10876000D9E76A4D1121D2684FF0000902F056F89E
:1087700005F1080AD4F800114FF0010809E03D4660
:10878000591CAA45C4F80011E65484F804613FF46A
:10879000AAAAFF296E7805F101070B46EFD1204602
:1087A00084F8FF90D4E942329847D4F82831BA458A
:1087B000267003F1010384F80461C4F80081C4F851
:1087C00028313FF490AA15F8026F0123D8E7504EE4
:1087D0004FF0000AD0F800114FF0010906F1080B24
:1087E00009E04646591CB345C4F80011E75484F823
:1087F000047101F09C80FF29777806F101080B468F
:10880000EFD1204684F8FFA0D4E942329847D4F84B
:108810002831C345277003F1010384F80471C4F8BB
:108820000091C4F8283101F0828016F8027F0123FC
:10883000D8E7384D4FF00009D0F800114FF001088B
:1088400005F1080A09E03D46591CAA45C4F8001183
:10885000E65484F804613FF446AAFF296E7805F1D6
:1088600001070B46EFD1204684F8FF90D4E942324D
:108870009847D4F82831BA45267003F1010384F8EB
:108880000461C4F80081C4F828313FF42CAA15F81B
:10889000026F0123D8E7D0F80011FF2901F04284CC
:1088A0004A1C3C23C4F80021635484F80431EE6868
:1088B0008EB10025B346A9462F46002F40F07D8695
:1088C0005A4611212046013701F0A8FFDBF810B00D
:1088D000BBF1000FF1D1D4F80011FF2901F0AE83F4
:1088E0004A1C3E23C4F80021635484F80431FFF786
:1088F000FAB9094E4FF0000AD0F800114FF0010903
:1089000006F1170B16E000BF03F00010E7F10010AE
:10891000FFF10010F3F100109FEF00105CEF00106A
:108920004646591CB345C4F80011E75484F8047155
:108930003FF4DCA9FF29777806F101080B46EFD157
:10894000204684F8FFA0D4E942329847D4F8283171
:10895000D845277003F1010384F80471C4F800912D
:10896000C4F828313FF4C2A916F8027F0123D8E7E2
:108970000022D5F80C80D0F81491C0F81421B8F179
:10898000000F3FF4ADA908ABD0F810119446104683
:10899000474601939E460CF10106C3E90027C3E94F
:1089A00002013A784F2AA2F11C08A2F1520201F00A
:1089B000C68001F2C180B8F1050F41F2C080C4F851
:1089C0001431B8463B78022B01F01F84042B01F0D0
:1089D00057842A691121204601F020FF98F80030C1
:1089E000042B02D1069BC4F81031019F4FF02008E0
:1089F00007EB061555F8086C002E01F08080103D3D
:108A0000AF42F7D1C4F81491FFF76DB9C54E4FF0DE
:108A1000000AD0F800114FF0010906F1090B09E036
:108A20004646591CB345C4F80011E75484F8047154
:108A300000F06186FF29777806F101080B46EFD137
:108A4000204684F8FFA0D4E942329847D4F8283170
:108A5000C345277003F1010384F80471C4F8009141
:108A6000C4F8283100F0478616F8027F0123D8E7C2
:108A7000AC4E4FF0000AD0F800114FF0010906F19A
:108A8000090B09E04646591CB345C4F80011E754E8
:108A900084F804713FF4B9A9FF29777806F1010839
:108AA0000B46EFD1204684F8FFA0D4E94232984724
:108AB000D4F82831C345277003F1010384F8047109
:108AC000C4F80091C4F828313FF49FA916F8027F3A
:108AD0000123D8E7D7684FF0000A934D4FF0010902
:108AE000BE68D0F8001105F10808019606460AE0B4
:108AF0002546591CA845C6F8001106F803B086F8AB
:108B000004B100F01186FF2995F801B005F10104C8
:108B10000B46EDD1304686F8FFA0D6E942329847A1
:108B2000D6F82831A04586F800B003F1010386F895
:108B300004B1C6F80091C6F8283100F0F58515F8A3
:108B400002BF0123D5E7D2E9032512B1112101F0BB
:108B500065FED4F80011FF2901F012834A1C7B2323
:108B6000C4F8002120462A466354112184F80431B8
:108B700001F054FED4F80011FF2900F05F864A1C72
:108B80007D23C4F80021635484F80431FFF7ABB8A7
:108B90000023D0F814A108AA09950A93D146D0F869
:108BA00010310192CDF820A0C0F814210B93BAF136
:108BB000000F01F0A2854FF001085646DDF804C011
:108BC0001746C6461AE0B368B3B9B8F1030F3FF6CB
:108BD00087A818AB03EB081B96E80F00ABF1400A1F
:108BE0008AE80F004BF8407C0CEB081708F10108ED
:108BF000C4F81471C6F808E0366826B173681B78AB
:108C0000193B022BDFD92A691121204601F006FE0B
:108C10000A9BC4F81491002B7FF465A8B8F1010FEA
:108C20000FD9019B03EB081708F1FF3857F80C2CFC
:108C30001121204601F020FEB8F1010FA7F1100725
:108C4000F2D1D4F814312A461121204602F04CFC0E
:108C5000FFF749B81121D26801F0E0FDD4F8001106
:108C6000FF2901F07B824A1C2823C4F800212046FA
:108C70006354112184F804312A6901F0CFFDD4F83E
:108C80000011FF2900F027854A1C2923C4F8002180
:108C9000635484F80431FFF726B8D268112101F03B
:108CA000BDFD11212A69FFF723B8204E4FF0000ABD
:108CB000D0F800114FF0010906F10E0B09E046460D
:108CC000591CB345C4F80011E75484F804713FF40B
:108CD0000DA8FF29777806F101080B46EFD1204651
:108CE00084F8FFA0D4E942329847D4F82831D84517
:108CF000277003F1010384F80471C4F80091C4F8EB
:108D000028313EF4F3AF16F8027F0123D8E7084E6E
:108D10004FF0000AD0F800114FF0010906F11D0BC9
:108D200012E000BF0BF10010FFF000104FF1001037
:108D30007FF100104646591CB345C4F80011E754B2
:108D400084F804713EF4D2AFFF29777806F1010868
:108D50000B46EFD1204684F8FFA0D4E94232984771
:108D6000D4F82831C345277003F1010384F8047156
:108D7000C4F80091C4F828313EF4B8AF16F8027F69
:108D80000123D8E7DFF8B4834FF0000AD0F80011D0
:108D90004FF0010908F10A0B09E0B046591CC34520
:108DA000C4F80011E75484F8047100F08A84464640
:108DB000FF290B4616F8017BEFD1204684F8FFA06F
:108DC00008F10208D4E942329847D4F82831B34573
:108DD000277003F1010384F80471C4F80091C4F80A
:108DE000283100F06E8437780123D7E7CE4E4FF05C
:108DF000000AD0F800114FF0010906F11E0B09E03E
:108E00004646591CB345C4F80011E75484F8047170
:108E10003EF46CAFFF29777806F101080B46EFD1DD
:108E2000204684F8FFA0D4E942329847D4F828318C
:108E3000C345277003F1010384F80471C4F800915D
:108E4000C4F828313EF452AF16F8027F0123D8E768
:108E50000023D0F81481D0F848711121C4F84821BA
:108E6000C0F81431D26801F0D9FC94F804313C2BDD
:108E700001F0DE80D4F80011FF2901F0C9804B1CFD
:108E8000C4F800313C2320466354112184F8043196
:108E90002A6901F0C3FC94F804313E2B01F0B28042
:108EA000D4F80011FF2901F09D804B1CC4F800315B
:108EB0003E23635484F80431C4F81481C4F8487123
:108EC000FEF711BFD268D2E90053002B3EF40BAF7E
:108ED0002B44D0F80011013D4FF0000903F1FF3A97
:108EE0004FF0010809E03D46591CAA45C4F800119D
:108EF000E65484F804613EF4F6AEFF296E7805F17D
:108F000001070B46EFD1204684F8FF90D4E94232A6
:108F10009847D4F82831BA45C4F8008103F1010319
:108F2000267084F80461C4F828313EF4DCAE15F8EC
:108F3000026F0123D8E7D2681121204619B0BDE89D
:108F4000F04F02F0BBBBD2E90353002B3EF4CBAE93
:108F50002B44D0F80011013D4FF0000903F1FF3A16
:108F60004FF0010809E03D46591CAA45C4F800111C
:108F7000E65484F804613EF4B6AEFF296E7805F13C
:108F800001070B46EFD1204684F8FF90D4E9423226
:108F90009847D4F82831BA45C4F8008103F1010399
:108FA000267084F80461C4F828313EF49CAE15F8AC
:108FB000026F0123D8E75D4E4FF0000AD0F8001190
:108FC0004FF0010906F1110B09E04646591CB34563
:108FD000C4F80011E75484F804713EF487AEFF2909
:108FE000777806F101080B46EFD1204684F8FFA000
:108FF000D4E942329847D4F82831C345277003F1A9
:10900000010384F80471C4F80091C4F828313EF4D7
:109010006DAE16F8027F0123D8E7454E4FF0000AE7
:10902000D0F800114FF0010906F1150B09E0464692
:10903000591CB345C4F80011E75484F8047100F0DA
:109040000783FF29777806F101080B46EFD1204608
:1090500084F8FFA0D4E942329847D4F82831C345B8
:10906000277003F1010384F80471C4F80091C4F877
:10907000283100F0ED8216F8027F0123D8E72D4E4B
:109080004FF0000AD0F800114FF0010906F1190B5A
:1090900009E04646591CB345C4F80011E75484F86A
:1090A00004713EF423AEFF29777806F101080B46E0
:1090B000EFD1204684F8FFA0D4E942329847D4F893
:1090C0002831C345277003F1010384F80471C4F803
:1090D0000091C4F828313EF409AE16F8027F01234E
:1090E000D8E7D568002D40F03A851349204619B0DD
:1090F000BDE8F04FFCF752BAD0F80011FF2900F09C
:10910000B5874A1C7E23FFF7D8BAD0F80011157B2B
:10911000FF2900F0E9834B1CC4F80031655484F842
:109120000451FEF7E0BD00BF7FEF0010CFF000104C
:10913000B7F000109BF0001070F1001060F100100B
:10914000D26808A8C249FAF727F808A804F046FC34
:1091500000283EF4C8AD08AED4F800114FF0000965
:109160004FF0010806EB000A09E02E46591CB245F3
:10917000C4F80011E75484F804713EF4B4AD3546E8
:10918000FF290B4615F8017BEFD1204684F8FF90AC
:109190000236D4E942329847D4F828315545277031
:1091A00003F1010384F80471C4F80081C4F8283184
:1091B0003EF499AD2F780123D8E7A64E4FF0000A70
:1091C000D0F800114FF0010906F11A0B09E04646EC
:1091D000591CB345C4F80011E75484F804713EF4F7
:1091E00085ADFF29777806F101080B46EFD12046BF
:1091F00084F8FFA0D4E942329847D4F82831D84502
:10920000277003F1010384F80471C4F80091C4F8D5
:1092100028313EF46BAD16F8027F0123D8E71369BD
:109220001A783C2A7EF45CAD1B691B783D2B7EF4DA
:1092300057AD2A46112102F0B9FC00287EF453AD47
:109240002A461121204602F0F7FD00287EF44BAD9E
:109250008149D5E90383D8F80C20D3E9036310686A
:10926000D3E9037504F0C0F9002841F06F8232465B
:109270001121204602F010FC42461121204602F046
:109280001DFA112120463A4602F006FC7349204699
:10929000FCF784F92A461121204619B0BDE8F04FA9
:1092A00002F0FABB13691B783A2B7EF419ADD26831
:1092B000D3681B685978632900F0F6872A46112184
:1092C000204602F073FC00287EF40DAD2A461121E1
:1092D000204602F0B1FD00287EF405ADEB681A7857
:1092E000332A01F0F981DB685D49186804F07CF9E4
:1092F0002B69DA6818B91378032B01F01982112150
:10930000204602F0C9FBEE685649F3681F683846EC
:1093100004F06AF9002801F0C1815149384604F08F
:1093200063F9002841F0FD812B69112120461A695B
:1093300002F0B2FBEB681A78332A7EF4D4ACDB6817
:109340009A68012A7EF4CFAC5B681B783E2B7EF4D2
:10935000CAAC2921204619B0BDE8F04FFCF7E2B8AD
:10936000D2E903653378332B00F09284352B00F07B
:1093700003853246112102F0A1F98BE7DFF8EC807A
:109380001121D2684FF0000A01F048FA08F1050BEC
:10939000D4F800114FF0010909E0B046591CC3454B
:1093A000C4F80011E75484F8047100F03B8146468C
:1093B000FF290B4616F8017BEFD1204684F8FFA069
:1093C00008F10208D4E942329847D4F828315E45C2
:1093D000277003F1010384F80471C4F80091C4F804
:1093E000283100F01F8137780123D7E7D0F820819A
:1093F000D568B8F1000F40F097832946FCF708F9CB
:10940000002800F0918347460378302B40F0C38555
:10941000C368002B00F0BF85006901370028F3D135
:1094200046464FF00009A046C8F8246101362A4696
:109430001121404601F0F2F9BE423EF454AC0A4C10
:10944000D8F80011019504F1020B4546A04619E039
:10945000ECEE0010E3F0001024F1001028F10010F1
:109460001CF1001020F100105CEF001054EF001010
:10947000D046591CC345C5F80011EC5485F8044189
:1094800000F0E380C246FF290B461AF8014BEFD1EA
:10949000284685F8FF9008F10208D5E9423298473E
:1094A000D5F82831D3452C7003F1010385F8044128
:1094B000C5F828314FF00103C5F8003100F0C58030
:1094C0009AF80040D5E7C34E1121D2684FF0000A48
:1094D00001F0A4F906F1080BD4F800114FF00109CE
:1094E00009E04646591CB345C4F80011E75484F816
:1094F000047100F09780FF29777806F101080B4688
:10950000EFD1204684F8FFA0D4E942329847D4F83E
:109510002831C345277003F1010384F80471C4F8AE
:109520000091C4F828317DD016F8027F0123D9E7D5
:10953000A9492046FCF732F82A69A84908A801324F
:10954000F9F72AFE08A804F049FA8246002800F03C
:10955000858508AED4F800114FF000094FF00108DE
:10956000B2440AE03E46591CB245C4F8001104F862
:1095700003B084F804B100F071853746FF290B462B
:1095800017F801BBEED1204684F8FF900236D4E9EB
:1095900042329847D4F82831BA4584F800B003F134
:1095A000010384F804B1C4F80081C4F8283100F044
:1095B000558597F800B00123D5E7894D0126D4F8E9
:1095C0000011019705F1020A27462C4608E044469F
:1095D000591CA245C7F80011FD5487F804511DD04D
:1095E000A046FF290B4618F8015BF0D1384687F8F2
:1095F000FF900234D7E942329847D7F82831C24564
:109600003D7003F1010387F80451C7F80061C7F802
:10961000283103D098F800500123D9E73C46019F38
:10962000FFF74EB911212A69204601F0F7F8D4F866
:109630000011FF2900F027834A1C5D23C4F8002194
:10964000635484F80431FEF74EBBA846019DEBE657
:10965000DFF8908111212A69204601F0DFF808F136
:10966000050BD4F800114FF0000A4FF0010909E092
:10967000B046591CC345C4F80011E75484F804717E
:109680003EF434AB4646FF290B4616F8017BEFD17A
:10969000204684F8FFA008F10208D4E94232984736
:1096A000D4F82831B345277003F1010384F804711D
:1096B000C4F80091C4F828313EF418AB3778012380
:1096C000D7E71121EA68204601F0A8F8D4F8001184
:1096D000FF297FF4D9AA00252046D4E9423284F834
:1096E000FF509847D4F82831012229461344C4F882
:1096F0002831FFF7CABAD4F84831EA6833B1D4F850
:10970000100108A9CDE90803C4F810111121204661
:1097100001F084F8D4F84831002B3EF4E4AA089B09
:10972000C4F81031FEF7DFBA7D683446019E2B780D
:10973000613B192B40F2FE82771EEB5D202B18BF98
:109740003746002F3EF4CFAA013DD4F800114FF068
:1097500000094FF001082F4409E05546591CAF425B
:10976000C4F80011E65484F804613EF4BCAAFF2951
:109770006E7805F1010A0B46EFD1204684F8FF9080
:10978000D4E942329847D4F828315745C4F80081CB
:1097900003F10103267084F80461C4F828313EF413
:1097A000A2AA15F8026F0123D8E7EA6808A80B49B6
:1097B0000132F9F7F1FC08A804F010F9D4F800110F
:1097C000C8B308AE4FF000094FF0010806EB000ADD
:1097D00013E000BFDBF1001064EF0010ECEE0010AE
:1097E0005CEF0010B0F000102E46591CB245C4F8D2
:1097F0000011E75484F804711DD03546FF290B464B
:1098000015F8017BF0D1204684F8FF900236D4E9A8
:1098100042329847D4F828315545277003F10103A7
:1098200084F80471C4F80081C4F8283100F02D8256
:109830002F780123D9E7FF297FF4A1A9002520462D
:10984000D4E9423284F8FF509847D4F828310122F5
:1098500029461344C4F82831FFF792B9B5F910200E
:1098600008A8CA49F9F798FC08A804F0B7F890B31B
:1098700008AFD4F800114FF0000A4FF0010907EBD0
:10988000000B09E03746591CBB45C4F8001104F829
:10989000038084F804811ED03E46FF290B4616F84B
:1098A000018BEFD1204684F8FFA00237D4E9423281
:1098B0009847D4F82831B34584F8008003F10103B8
:1098C00084F80481C4F80091C4F8283103D096F8D4
:1098D00000800123D7E7AD7C002D3EF404AAD4F824
:1098E0000011FF297FF417AC0026D4F80831D4F812
:1098F0000C21204684F8FF609847D4F828210123E2
:1099000031461A44C4F8282106E4FF295D467FF455
:1099100093AE204684F8FF50D4E942329847D4F8F9
:109920002831012229461344C4F8283185E6984F8E
:109930001121EA68204600F071FF4FF00009D4F8C9
:10994000001107F1060A4FF0010809E02F46591CE3
:10995000BA45C4F80011E65484F804613EF4C3A982
:109960003D46FF290B4615F8016BEFD1204684F8E0
:10997000FF900237D4E942329847D4F82831AA45FB
:10998000267003F1010384F80461C4F80081C4F86F
:1099900028313EF4A8A92E780123D8E72A461121C0
:1099A000204600F069FFFEF7BEB908ABC268CDF8EB
:1099B00020C0C4F8143100230B9109950A93002AA2
:1099C0007EF4A9A9FEF7D4B90023EE68D4F820915B
:1099D0000793C4F82031D4F81031069306ABC4F8CD
:1099E00010311EB13378592B00F0CB8408AA012323
:1099F0000192FF29C4F8203100F049834B1CC4F8C0
:109A000000312823324620466354112184F8043162
:109A10004FF0000A00F002FFDFF88081069BC4F8D7
:109A2000209108F1020BD4F800114FF00109C4F89D
:109A3000103108E0B046591CC345C4F80011E75482
:109A400084F804711DD04646FF290B4616F8017BA9
:109A5000F0D1204684F8FFA008F10208D4E9423290
:109A60009847D4F828315E45277003F1010384F844
:109A70000471C4F80091C4F8283102D0377801236A
:109A8000D9E7019F2A69414938460132F9F784FB39
:109A9000384603F0A3FFD4F8001100283FF4CBAE02
:109AA0004FF0000907EB000A4FF0010809E02F46CC
:109AB000591CBA45C4F80011E65484F804613FF417
:109AC000BAAE3D46FF290B4615F8016BEFD1204693
:109AD00084F8FF900237D4E942329847D4F828310D
:109AE0005545267003F1010384F80461C4F8008130
:109AF000C4F8283100F0C9802E780123D8E7D4F8C3
:109B00000011FF2901F1010300F01C85C4F80031A8
:109B1000204604F80180112155F80C2C84F80481AA
:109B200000F0AAFEFEF76BBF11212A46204601F085
:109B3000B3FF1849FFF7DABA012A3EF640AFFF68D3
:109B40007246002F00F04886042E03F11003B4463D
:109B50007EF420AF0123C4E945E3FEF7C4B80E4903
:109B6000FBF71CFD09492A4608A8F9F715FB08A8C8
:109B700003F034FFD4F80011002878D008AE4FF07D
:109B800000094FF0010806EB000A12E0ECEE0010AD
:109B90000CF200106CF1001078F10010C8F1001008
:109BA0002E46591CB245C4F80011E75484F80471DC
:109BB0005DD03546FF290B4615F8017BF0D12046D4
:109BC00084F8FF900236D4E942329847D4F828311D
:109BD000AA45277003F1010384F80471C4F80081D9
:109BE000C4F8283100F0BF842F780123D9E7002B77
:109BF00000F0D080DFF860854FF0000AD0F8001147
:109C00004FF0010908F1050B09E0B046591CC345A6
:109C1000C4F80011E75484F8047100F0F680464659
:109C2000FF290B4616F8017BEFD1204684F8FFA0F0
:109C300008F10208D4E942329847D4F82831B345F4
:109C4000277003F1010384F80471C4F80091C4F88B
:109C5000283100F0DA8037780123D7E70027FEF7B4
:109C6000B1B8562E7EF4D1A83A26FEF7DFB8FF2908
:109C700000F0A8847D234A1CC4F80021635484F8B2
:109C80000431FEF730B8002543E60121FEF777BF27
:109C9000F3681F683B78B3F1610203D17A78643AC4
:109CA00008BFBA78297812B9032900F0BC843A2990
:109CB00000F02F85732B14D17A785A2A40F05684FD
:109CC000BA78002A40F0528429462046FBF7A0FCCF
:109CD000FBF7B0FB0146204619B0BDE8F04FFBF79B
:109CE00023BD32461121204601F0E8FC3B78672B6A
:109CF00006D17A78732A03D1BA78002A3EF4D0A824
:109D0000732B2DD17A78742A2AD1BA7842BB2821B4
:109D10002046FBF707FC11212A46204600F07EFD75
:109D20002921FFF717BB2A461121204600F0A4FD88
:109D3000FEF734B820212046FBF7F4FB7D68FBE4F6
:109D4000D4F810310546C2680B93D4F81431099049
:109D5000089308ABC4F8143100230A93FDF7DBBF66
:109D60006E2B7FF497AA7B78782B7FF493AABB782D
:109D7000002BCCD0FFF78EBA2821FBF7D3FB20466F
:109D80001121F26800F04AFD29212046FBF7CAFBA9
:109D9000FFF780BA2946FBF7E7FB024600283DF4AF
:109DA0009FAF0378302B09D1D4F82411002905DBAB
:109DB000FBF750FB024600283DF492AFD4F8105157
:109DC000112120462B68C4F8103100F027FDC4F89B
:109DD0001051FDF788BF072F7DF4F4AF2B69197878
:109DE00000297DF4EFAF196901297DF4EBAF3E2E18
:109DF0007DF4E8AFDB681B78302B00F00185312B58
:109E00007DF4E0AFD049FFF771B9EA6808A8CF49FF
:109E10000132F9F7C1F908A803F0E0FD82460028F5
:109E20003DF461AF08AED4F800114FF000094FF0D7
:109E30000108B24409E02E46591CB245C4F800118D
:109E4000E75484F804713DF44EAF3546FF290B46C4
:109E500015F8017BEFD1204684F8FF900236D4E953
:109E600042329847D4F82831AA45277003F10103FC
:109E700084F80471C4F80081C4F828313DF433AF8C
:109E80002F780123D8E7002B3DF42AAF1A785D2AFA
:109E900004D1DB68002B3DF423AF1A785A3A022A2A
:109EA0003FD90123C4F818313246A84908A8F9F768
:109EB00073F908A803F092FD00283DF414AF08AE32
:109EC000D4F800114FF000094FF0010806EB000A2A
:109ED00009E02E46591CB245C4F80011E75484F835
:109EE00004713DF400AF3546FF290B4615F8017BA0
:109EF000EFD1204684F8FF900236D4E942329847E9
:109F0000D4F82831AA45277003F1010384F80471BD
:109F1000C4F80081C4F828313DF4E5AE2F78012360
:109F2000D8E78B4B53F82250284603F057FD002802
:109F3000BAD0013DD4F800114FF0000A4FF00109EA
:109F40002F1809E05D46591CAF42C4F8001104F80F
:109F5000038084F80481A7D0FF2995F8018005F1DA
:109F6000010B0B46EED1204684F8FFA0D4E9423223
:109F70009847D4F828315F45C4F8009103F10103F4
:109F800084F8008084F80481C4F828318CD015F856
:109F9000028F0123D7E7002F7FF442AAFDF7A3BE6B
:109FA000002620466654D4E942329847D4F8283136
:109FB000C4F800610133C4F82831FDF781BF302EA9
:109FC0004F46D4E9441C7DF454AF08ABC268054643
:109FD000CDF820C0C4F8143100230B9109900A93E6
:109FE000FDF799BE00252046D4E9423284F8FF509F
:109FF0009847D4F8283129460133C4F82831012381
:10A00000FEF754BF20212046FBF78CFAFEF748BF2D
:10A0100000262046D4E9423284F8FF609847D4F8FD
:10A02000283131460133C4F828310123FEF728BF17
:10A0300020212046FBF776FAFEF71CBF00252046BC
:10A04000D4E9423284F8FF509847D4F828310122ED
:10A0500029461344C4F82831FEF743BC3D49204645
:10A06000FBF79CFAED682A46FDF741BE0026D0F8C2
:10A070000831D0F80C2180F8FF609847D4F82831D7
:10A08000012231461344C4F82831FFF73BB84FF0A2
:10A0900000082046D4E9423284F8FF809847D4F87B
:10A0A000283141460133C4F828310123A7E4D4F80C
:10A0B0001031EE68069306ABD4F82091CDF81C80E1
:10A0C000C4F81031C4F820811EB13378592B00F048
:10A0D000588108AB0121C4F8207101938EE4002659
:10A0E000D0F80831D0F80C2180F8FF609847D4F8F8
:10A0F0002831012231461344C4F82831FEF7EDBA65
:10A100000026D4F80831D4F80C21204684F8FF60EA
:10A110009847D4F82831012231461344C4F8283135
:10A12000FEF7CABA0026D0F80831D0F80C2180F822
:10A13000FF609847D4F82831012231461344C4F80F
:10A140002831FEF7AEBB00BF48F10010ECEE001066
:10A15000E802011074EF001078EF00100026D4F828
:10A160000831D4F80C21204684F8FF609847D4F8D1
:10A170002831012231461344C4F82831FEF774BD5A
:10A180000026D4F80831D4F80C21204684F8FF606A
:10A190009847D4F82831012231461344C4F82831B5
:10A1A000FEF7DDBC5B212046FBF7BCF911212A69D3
:10A1B000204600F033FB5D21FFF7CCB82D2120466F
:10A1C000FBF7B0F9FDF71EBE00262046D4E9423267
:10A1D00084F8FF609847D4F8283131460133C4F839
:10A1E00028310123FDF704BE00262046D4E942327F
:10A1F00084F8FF609847D4F828313146EA68013383
:10A20000C4F828310123FDF7E3BDD8F8108098F891
:10A210000030492B00F0FF81019B8A4603EB0C1CA8
:10A22000674698F800304F2BA3F11C01A3F15202AE
:10A2300007D004D8052904D95146FEF7C7BB012A27
:10A24000FAD8042EBE4606F101063DF449AD07F1E9
:10A25000100C4FF0000B97E80F008CE80F003F61E7
:10A260006746CEF808B0CEF80480D8F80C80CEF857
:10A270000CA0C4F814C1B8F1000FD2D1FDF730BD65
:10A2800006ABC4F81031D8F81030CDE906181A78AA
:10A290005E2A7EF49EABDA68C8F810202A69DA607C
:10A2A0001A462B61FEF796BB1B78A3F172010129B8
:10A2B00003D9633B012B3FF601A81121204601F091
:10A2C000FDF93C212046FBF72DF92B691121204691
:10A2D000DA6800F0A3FAC3492046FBF75FF92B695F
:10A2E000112120461A6900F099FA2921FFF732B8A6
:10A2F000D0F83471002F40F34282D0F830C14B4681
:10A30000604604E09F4200F1080000F038825CF8EB
:10A31000331001338A42F5D1002800F03082D4F89E
:10A320002C71002F00F066813B4607E09F4201D070
:10A33000A94206D05B68002B00F05C81196891424D
:10A34000F4D1114620460192FBF70EF9019A00283C
:10A350003DF4C6AC0378302B00F0B0814F46FDF7DA
:10A360007DBD00272046D4E9423284F8FF7098472B
:10A37000D4F8283139460133C4F828310123FDF7D8
:10A380005BBD3C2120460796FBF7CCF808ABD6F81E
:10A390000C800193B8F1000F74D04FF0000B4746CA
:10A3A0000595CDE90369D4F820315A1CC4F8202161
:10A3B000002B40F0B3803A461121204600F02EFADF
:10A3C000D4F80031FF2B00F0AE80591C2022C4F8D5
:10A3D0000011E25484F804213B785D2B01D1FF6821
:10A3E0003B785A3BD4F820210291022B02F1FF382E
:10A3F00054D90123C4F81831019D42467A492846B0
:10A40000F8F7CAFE284603F0E9FAA8B3019B2646EE
:10A41000D4F800114FF0010903EB000A54469A46A4
:10A4200009E0AA46591C5445C6F8001106F80380F5
:10A4300086F804811FD05546FF290B4615F8018B7D
:10A44000EFD1304686F8FFB00AF1020AD6E942326F
:10A450009847D6F82831A54286F8008003F1010319
:10A4600086F80481C6F80091C6F8283103D095F823
:10A4700000800123D6E734463F69002F93D1059D24
:10A48000DDE903693E212046FBF74CF8D4F8203182
:10A4900036690133D4F80011FFF7ABBA534A52F8CA
:10A4A0002350284603F09AFA02990028A4D0013DCF
:10A4B00026464FF00109CDF8088005EB000A544606
:10A4C00009E05546591CAC42C6F8001106F8038055
:10A4D00086F804811ED0FF2995F8018005F1010A54
:10A4E0000B46EED1304686F8FFB0D6E942329847A7
:10A4F000D6F828315445C6F8009103F1010386F8D7
:10A50000008086F80481C6F8283103D015F8028F40
:10A510000123D7E7DDF8088034466DE7344920464B
:10A52000FBF73CF847E71946204684F8FFB0D4E92A
:10A5300042329847D4F8283101210133C4F8283138
:10A54000002343E7D4F808312046D4F80C2184F8DE
:10A55000FF609847D4F8283131460133C4F82831D8
:10A560000123FFF7D3BA0121FFF784BB732B7FF4DC
:10A57000B8AB7B78502B7FF4B4ABBB78002B7FF467
:10A58000B0AB1E4603E001362D69002D57D02B7865
:10A59000302B54D1EB68002B51D01A784D2AF2D1D0
:10A5A000D9682046FBF734F8024648B1002204E09F
:10A5B000C16829B10069013210B101783029F7D0A2
:10A5C0001644E1E700252046D4E9423284F8FF50E2
:10A5D0009847D4F8283129460133C4F82831FFF7C9
:10A5E00049BB00BF18F10010ECEE0010E8020110AA
:10A5F0005CEF001043681146D4F810812046C4F87F
:10A6000010310192FAF7B0FF002800F0ED804FF012
:10A610000109019A9EE6D8F80C80B8F1000F7FF48A
:10A62000FBADFDF75DBBEA68117801297FF442AB11
:10A63000296909782A2908BF1546FFF73BBB31462F
:10A64000FFF749BB3F2E00F0D380023F2A6911215A
:10A65000204600F0E3F8042F3DF645ABDFE807F0B5
:10A660000F0C090603006849FEF740BD6749FEF775
:10A670003DBD6749FEF73ABD6C21FEF76BBE752103
:10A68000FEF768BE08AAD0F810310A91C0F814216C
:10A690000B93EA68CDE90815FDF73DBB20465B2129
:10A6A000FAF740FF2B69204611211A6900F0B6F82D
:10A6B0005D212046FAF736FFFEF73CBED4F82411A0
:10A6C0000029FFF67CACFAF7C5FE002800F0888070
:10A6D0004F460378FDF7C2BBDA68916801297EF422
:10A6E00002AE526812783E2A7EF4FDAD2821204643
:10A6F000FAF718FFEB68FEF7F6BD2A69112100F0A2
:10A700008DF80A9BC4F81491002B3EF49AAAFDF729
:10A71000EABAEA681121204601F0BEF93246FEF796
:10A720000BBC32461121204600F0C8FFFEF7FCBDED
:10A7300013691B782A2B02D00123C4F81831D26880
:10A740001121204601F0A8F9FEF7DDBD3149204670
:10A75000FAF724FFF36843B111212046324601F095
:10A760009BF920212046FAF7DDFE3A4611212046CA
:10A7700000F054F8002D7EF48DADFDF7B4BAD4F896
:10A7800038319F42BDF6ACAAD4F83031791CD4F8E8
:10A7900010C1C4F8341143F8372003EBC703043366
:10A7A000BCF1000F29D09646D4E9507010E0D4F8DF
:10A7B0003C11DCF8042001EBC7010137C4F84071FB
:10A7C0004A6019600B46DCF800C0BCF1000F13D0E2
:10A7D000B842ECDCFDF784BAC4F81431FDF780BA56
:10A7E000B9F1000F3DF47CAAC4F81081FDF778BAE6
:10A7F0002D21FAF797FE28E7724600211960A0E59F
:10A800000549FEF773BC00BF3CF1001038F10010A1
:10A8100034F100102CF1001040F1001030B5054665
:10A8200083B01AB353681446012B1FDCD0F81C11F7
:10A83000B1F5806F1ADC0133013100925360D0F81A
:10A840002C31C0F81C111121C5F82CD10193FDF752
:10A85000BDF96268D5F81C310199013A013BC5F890
:10A860002C116260C5F81C3103B030BD0123C5F85E
:10A87000183103B030BD00BF2DE9F84F13781546ED
:10A880000446033B502B65D8DFE813F06A016400EF
:10A890006400640064006400640064006400640098
:10A8A0006400640064006400640064006400640088
:10A8B00064006400640064006A009A00CA006A00D0
:10A8C0009A00CA00E6023D0162004A015D01FB00F8
:10A8D0007001A201D40164006400640064001402E9
:10A8E000640050026400640064006400640064005A
:10A8F0006400640064006400640064006400640038
:10A900006400640064006400640064006400640027
:10A910006400640064006400640064006400640017
:10A9200064006400840264006400B602090111211D
:10A93000EA682046FFF772FFD4F80011FF2900F003
:10A94000AD824A1C2923C4F80021635484F80431E1
:10A95000BDE8F88F2A461121BDE8F84FFFF75EBF2A
:10A96000CD4D4FF00009D0F800114FF0010805F16E
:10A97000090A08E03D46591CAA45C4F80011E654EE
:10A9800084F80461E4D0FF296E7805F101070B46D5
:10A99000F0D1204684F8FF90D4E942329847D4F8A9
:10A9A0002831BA45267003F1010384F80461C4F824
:10A9B0000081C4F82831CBD015F8026F0123DAE703
:10A9C000B64D4FF00009D0F800114FF0010805F125
:10A9D000090A08E03D46591CAA45C4F80011E6548E
:10A9E00084F80461B4D0FF296E7805F101070B46A5
:10A9F000F0D1204684F8FF90D4E942329847D4F849
:10AA00002831BA45267003F1010384F80461C4F8C3
:10AA10000081C4F828319BD015F8026F0123DAE7D2
:10AA20009F4F4FF00009D0F800114FF0010807F1D7
:10AA3000060A08E02F46591CBA45C4F80011E6542E
:10AA400084F8046184D03D46FF290B4615F8016B5C
:10AA5000F0D1204684F8FF900237D4E9423298477B
:10AA6000D4F82831AA45267003F1010384F8046163
:10AA7000C4F80081C4F828313FF46AAF2E7801236E
:10AA8000D9E7D0F80011FF2900F067824A1C26237D
:10AA9000C4F80021635484F80431BDE8F88FDFF86E
:10AAA00010824FF0000AD0F800114FF0010908F1B0
:10AAB000060B09E0B046591CC345C4F80011E75421
:10AAC00084F8047100F0D4814646FF290B4616F83D
:10AAD000017BEFD1204684F8FFA008F10208D4E9F9
:10AAE00042329847D4F828315E45277003F10103BC
:10AAF00084F80471C4F80091C4F8283100F027826A
:10AB000037780123D7E7D0F80031FF2B00F010820F
:10AB1000591C2022C4F80011E25484F8042127E0D3
:10AB2000D0F80011FF2900F0F3814A1C2023C4F85B
:10AB3000002120466354112184F804312A69BDE8BC
:10AB4000F84FFFF76BBED0F80011FF2900F0D2815B
:10AB50004A1C2A23C4F80021635484F80431F7E620
:10AB6000EA681121BDE8F84FFFF758BED0F8001190
:10AB70004C4F4FF000094FF0010807F1020A09E0BD
:10AB80002F46591CBA45C4F80011E65484F80461F4
:10AB90003FF4DEAE3D46FF290B4615F8016BEFD1C1
:10ABA000204684F8FF900237D4E942329847D4F81F
:10ABB0002831AA45267003F1010384F80461C4F822
:10ABC0000081C4F828313FF4C3AE2E780123D8E7C2
:10ABD000354D4FF00009D0F800114FF0010805F194
:10ABE000090A09E03D46591CAA45C4F80011E6547B
:10ABF00084F804613FF4ACAEFF296E7805F10107DB
:10AC00000B46EFD1204684F8FF90D4E942329847B2
:10AC1000D4F828315745267003F1010384F8046104
:10AC2000C4F80081C4F828313FF492AE15F8026FE1
:10AC30000123D8E71D4F4FF00009D0F800114FF065
:10AC4000010807F10B0A09E02F46591CBA45C4F860
:10AC50000011E65484F804613FF47AAE3D46FF29C2
:10AC60000B4615F8016BEFD1204684F8FF900237B0
:10AC7000D4E942329847D4F82831AA45267003F126
:10AC8000010384F80461C4F80081C4F828313FF45A
:10AC90005FAE2E780123D8E71FF200102BF20010D0
:10ACA00038F2001068F200106BF2001078F2001019
:10ACB00060F2001090F80431282B40F0FE80BF4F66
:10ACC0001121EA682046FFF7A9FD4FF00009D4F8EA
:10ACD000001107F1030A4FF0010809E02F46591C43
:10ACE000BA45C4F80011E65484F804613FF430AE6C
:10ACF0003D46FF290B4615F8016BEFD1204684F83D
:10AD0000FF900237D4E942329847D4F82831AA4557
:10AD1000267003F1010384F80461C4F80081C4F8CB
:10AD200028313FF415AE2E780123D8E7DFF898825A
:10AD30004FF0000AD0F800114FF0010908F10A0B9A
:10AD400009E0B046591CC345C4F80011E75484F823
:10AD500004713FF4ECAD4646FF290B4616F8017B23
:10AD6000EFD1204684F8FFA008F10208D4E942326E
:10AD70009847D4F828315E45277003F1010384F821
:10AD80000471C4F80091C4F828313FF4D0AD37788D
:10AD90000123D7E78A4D4FF00009D0F800114FF09A
:10ADA000010805F1110A09E03D46591CAA45C4F8FD
:10ADB0000011E65484F804613FF4CAADFF296E78AF
:10ADC00005F101070B46EFD1204684F8FF90D4E946
:10ADD00042329847D4F82831BA45267003F101036E
:10ADE00084F80461C4F80081C4F828313FF4B0ADA0
:10ADF00015F8026F0123D8E7724E4FF0000AD0F821
:10AE000000114FF0010906F1090B08E04646591CF4
:10AE1000B345C4F80011E75484F8047128D0FF2921
:10AE2000777806F101080B46F0D1204684F8FFA0A0
:10AE3000D4E942329847D4F82831C345277003F14A
:10AE4000010384F80471C4F80091C4F828317ED05D
:10AE500016F8027F0123DAE7D0F80031FF2B38D053
:10AE60002022591CC0F80011C25480F804210AE6BF
:10AE70002A69002A3FF46CADFF297DD0481C2823A5
:10AE8000C4F8000120466354112184F80431FFF70F
:10AE9000C5FCD4F80011FF297FF453AD00252046EE
:10AEA000D4E9423284F8FF509847D4F8283101227F
:10AEB00029461344C4F8283144E5D0F80011FF298D
:10AEC0006CD04A1C2023C4F80021635484F8043158
:10AED000F5E600201946D4E9425284F8FF002046E6
:10AEE000A847D4F82831012120220B442270C4F84D
:10AEF0002831CBE50025D0E9423280F8FF50984751
:10AF0000D4F82831012229461344C4F8283120E618
:10AF10000026D0F80831D0F80C2180F8FF6098475F
:10AF2000D4F82831012231461344C4F82831FDE514
:10AF300000251946D0E9426280F8FF50B047D4F8A6
:10AF4000282101212B460A44C4F82821E1E52A6979
:10AF5000002A3FF4FDAC012190E700252046D4E90A
:10AF6000423284F8FF509847D4F82831012229460C
:10AF70001344C4F828318AE50026D4F80831D4F8FF
:10AF80000C21204684F8FF609847D4F8283101202E
:10AF90002A6931460344C4F8283170E70026D0F806
:10AFA0000831D0F80C2180F8FF609847D4F8283198
:10AFB000012231461344C4F8283183E784F200109B
:10AFC0003FF2001053F2001088F200102DE9F04F0C
:10AFD000044683B090461D46002B00F01F811A46A0
:10AFE000002601208E4F9368A3B953681B78193B44
:10AFF000DBB2132B00FA03F109D839423FD111F427
:10B00000E05F40F0B080082B08BF46F001061268F0
:10B01000002AE8D10023D4F814912A461121C4F85B
:10B020001431204600F000F9D4F80031FF2B4FD046
:10B030002822591CC4F80011E25484F80421002E7F
:10B040005ED1D8F810201AB111212046FFF7E6FB97
:10B05000D4F80011FF2900F09F804B1C2920C4F870
:10B0600000312A4601236054112184F8040120464E
:10B0700000F0DAF8C4F8149103B0BDE8F08F94F84A
:10B080000431202BD4F8001140F09580FF2974D0B2
:10B090004B1CC4F80031002728232A46204663545D
:10B0A0001121D4F8149184F804313B46C4F814718A
:10B0B00000F0BAF8D4F80011FF2900F087804B1C8B
:10B0C0002922FF2BC4F80031625484F80421AFD147
:10B0D0004FF0000A1946204684F8FFA0D4E94272D6
:10B0E000B847D4F82821534601210132C4F8001191
:10B0F000C4F828212822E25484F80421002EA0D08C
:10B10000484F4FF0000B0195254607F1050A3C46D4
:10B1100008E03446591CA245C5F80011EF5485F8E3
:10B1200004711DD02646FF290B4616F8017BF0D18D
:10B13000284685F8FFB00234D5E94232984701230A
:10B14000B2452F70C5F80031D5F8283185F8047163
:10B1500003F10103C5F8283147D037780123D9E737
:10B160002C46019D6DE794F8043103F0FD02282A76
:10B1700087D1D4F80011FF298AD100272046D4E9CD
:10B18000423284F8FF709847D4F8283139460133A9
:10B19000C4F8283101237CE700262046D4E9423256
:10B1A00084F8FF609847D4F8283131460133C4F859
:10B1B0002831012352E7FF2920D04B1C2022C4F85C
:10B1C00000316254194684F804215FE7D4E9423221
:10B1D000204684F8FF709847D4F828310133C4F82A
:10B1E000283129232370012322E7D8F810202C4688
:10B1F000019D002A7FF428AF01212EE7002320467D
:10B2000084F8FF30D4E942329847D4F8283101213C
:10B210000133C4F828312023237039E71E46F9E6AC
:10B220000762080094F20010002A00F0AF802DE9B8
:10B23000F04F054689B0144601271E46D5F818314F
:10B2400003BBA3680BBB6268137836B94F2B1CD0C5
:10B250001FD8A3F11C01052917D9E1682A2BD5F8BD
:10B260001081A760C5F810111ED02B2B26D0022B01
:10B270002ED011212846FFF7FFFA2468C5F8108167
:10B28000002CDBD109B0BDE8F08F2468002CD5D1AB
:10B29000F8E7523B012BF8D90123D5F81081A360C0
:10B2A000E368C5F81031E4E7236811212846FFF769
:10B2B0008DFEC5F8108109B0BDE8F08F236811211B
:10B2C000284600F011F9C5F8108109B0BDE8F08FEB
:10B2D0004FF0000AD5F81471DFF800921121D268FE
:10B2E0002846C5F814A14646FFF798FA09F1020B63
:10B2F000D5F80011C5F8147109E0B946591CCB45C1
:10B30000C5F8001105F8038085F8048121D04F4667
:10B31000FF290B4617F8018BEFD1284685F8FFA0CF
:10B3200009F10209D5E94232984701235F4585F8C2
:10B330000080C5F80031D5F8283185F8048103F183
:10B340000103C5F8283103D097F800800123D5E721
:10B35000012163681C692378492B18D04F2BA3F176
:10B360005202A3F11C010ED00BD805290BD922469D
:10B3700011212846FFF752FAC5F8106109B0BDE85F
:10B38000F08F012AF3D8E4682378E7E77047DFF805
:10B3900050914FF0000A09F10D0B09E0B946591C14
:10B3A000CB45C5F8001105F8038085F8048120D04D
:10B3B0004F46FF290B4617F8018BEFD1284685F839
:10B3C000FFA009F10209D5E9423298470123BB45A4
:10B3D00085F80080C5F80031D5F8283185F804815A
:10B3E00003F10103C5F8283103D097F80080012349
:10B3F000D5E7226901A838490132F7F7CDFE01A847
:10B4000002F0ECFAD5F80011834688B30DF1040878
:10B410004FF0000AC34409E0B846591CC345C5F8BB
:10B42000001105F8039085F8049121D04746FF29C3
:10B430000B4617F8019BEFD1284685F8FFA008F1CD
:10B440000208D5E94232984701235F4585F800900C
:10B45000C5F80031D5F8283185F8049103F10103CE
:10B46000C5F8283103D097F800900123D5E70121D2
:10B47000DFF870904FF0000A09F1030B0AE0B946BB
:10B48000591CCB45C5F8001105F8038085F80481E7
:10B490003FF479AF4F46FF290B4617F8018BEED1E9
:10B4A000284685F8FFA009F10209D5E942329847FC
:10B4B00001235F4585F80080C5F80031D5F82831B3
:10B4C00085F8048103F10103C5F828313FF45BAF2F
:10B4D00097F800800123D3E7ECEE001060EF001036
:10B4E00064EF001074EF00102DE9F04F044683B0B4
:10B4F000174653B11E469D687DB31B68002BFAD1D9
:10B50000324611212046FFF78FFED4F80031FF2B81
:10B510005AD0591C2022FF29C4F80011E25484F8A3
:10B52000042128D05B224B1CC4F80031625484F8FB
:10B530000421FA682AB111212046FFF76FF9D4F8E7
:10B540000031FF2B30D0591C5D22C4F80011E254A9
:10B5500084F8042103B0BDE8F08F5B681B782B2BC7
:10B560004ED111212B4632462046FFF75DFED4F81E
:10B570000011FF29D6D10022D4F80831204684F8E2
:10B58000FF20D4F80C2198475B21D4F8282101230F
:10B59000217084F80411D118FA68C4F80031C4F895
:10B5A0002811002AC7D1CEE700251946204684F885
:10B5B000FF50D4E94262B047D4F8282101212B463C
:10B5C0000A44C4F82821BFE7002219462046D4F8CF
:10B5D000085184F8FF20D4F80C21A84745F6203103
:10B5E0005B20D4F828212180022384F80401511C17
:10B5F000FA68C4F80031C4F82811002A9BD1A2E7E8
:10B60000DFF8B4904FF0010AD4F8001109F1020BF1
:10B61000019626464C46A94608E04446591CA345D7
:10B62000C6F80011F55486F804511DD0A046FF2934
:10B630000B4618F8015BF0D1304686F8FF900234D3
:10B64000D6E942329847D6F82831D845357003F10B
:10B65000010386F80451C6F800A1C6F8283103D0CA
:10B6600098F800500123D9E73446019E11210023A8
:10B6700032462046FFF7D8FDD4F80011FF2907D045
:10B6800029224B1CC4F80031625484F804213EE79F
:10B690000022D4F80831204684F8FF20D4F80C2189
:10B6A0009847D4F8283142F229020221013322803E
:10B6B000C4F8283136E700BF68F10010117833294B
:10B6C00002D01121FFF7AAB8D3682DE9F047D3E9DA
:10B6D000015787B32F440446D0F80011013D013FC4
:10B6E0004FF000094FF0010808E05546591CAF42E1
:10B6F000C4F80011E65484F804611CD0FF296E7868
:10B7000005F1010A0B46F0D1204684F8FF90D4E9F8
:10B7100042329847D4F82831BA45C4F8008103F181
:10B720000103267084F80461C4F8283103D015F8A9
:10B73000026F0123DAE7BDE8F08700BF2DE9F04F83
:10B74000E9B00646037800AF5F2BC7E9002100F09F
:10B750002F8108229D49304601F03AFE00287AD018
:10B7600000239946002B07F110054FF00103A9F1C2
:10B77000020AAB635FFA8AFA14BF46234723BB6011
:10B78000304602F02BF91123002231182E606A6135
:10B790006960AA62EA63C5E902364300B3F5006F47
:10B7A000AB61C7E90F22C5E908206A6300F2EE80A9
:10B7B0008100E84600EB8000B9F1010F01F10701BB
:10B7C000A8EBC00221F007019546EB46ADEB010D59
:10B7D000C5F810B0C5F81CD05FD0BAF1010F55D82C
:10B7E000F17A06F10B045F29EC6003D1317B5A2911
:10B7F00000F0B7802046FB6002F0F0F8FB68002BF9
:10B8000000F0C18000230121CBE9013369610028E8
:10B8100000F0B9808BF80030CBE903405A46002392
:10B82000B9682846F9F74AFC8346204602F0D6F864
:10B830002318EB60235C33B9BBFA8BF46409BBF1CA
:10B84000000F40F0C580AB6B013340F0AA800023AD
:10B85000AB63C54694E7327A5F2A18BF2E2A0CBF25
:10B8600001230023242A08BF43F0010363B1727A45
:10B87000492A18BF442A0CBF0123002304D1B17AFE
:10B880005F2900F0FF80034699466BE72846FAF7E8
:10B89000E9F8EB6883461B78CDE733785F2BD2D18C
:10B8A000731CEB6073785A2BCDD1B31CEB60B3786B
:10B8B000472B00F08580542B00F0828049462846B3
:10B8C000FBF7F4FD8346D5E90201C2070B78B2D538
:10B8D0002E2BB0D14B78A3F16102192A05D95F2B29
:10B8E00003D0303B092B00F2CA808B788C1CA3F16B
:10B8F0006100A3F13002092A88BF192809D814F879
:10B90000013FA3F16100A3F13002092A88BF192881
:10B91000F5D95F2BF3D02E2B11D16378303B092B57
:10B920000DD8A3780234A3F13002092AF3D814F811
:10B93000013FA3F13002092AF9D92E2BEDD0621A6A
:10B940002846EC60F9F736FC5A4603465021284653
:10B95000F9F7B4FB237883462E2B7FF46CAF214696
:10B96000B8E706F10D032846EB60737B472B13D035
:10B97000A3F15401B1FA81F1490969B9FBF796FDC8
:10B98000EC6883464AE74FF0000B47E7104607F59F
:10B99000D277BD46BDE8F08FFBF724FEEC68834606
:10B9A0003CE70020C54607F5D277BD46BDE8F08FDD
:10B9B00043785A2B7FF4CDAE00234FF00109D1E636
:10B9C0002846FBF70FFE83467DE700BFF0EE001030
:10B9D0007B6807F1500500200021C5F808313B685D
:10B9E000C5F80041C5F80C3185F80441C5F820417F
:10B9F000C5F82C41C7E9640159462846C7E96144A6
:10BA0000C5E94444C5E94944C5E94644F9F796FC0B
:10BA1000D5F81C31B3F5006F01DAC5F81C41D5F833
:10BA200038116E46D5F84431002401295A4601FBED
:10BA300003F32846B8BF0121012BA6EBC1018D46B7
:10BA40004FF01101EC46C5E95134B8BF0123ACEB0E
:10BA5000C3039D46C5F830C1C5F83CD1FEF7DEFEF4
:10BA6000D5F80011B54628466C54D5E942329847BE
:10BA7000D5F81801C546B0FA80F0400993E7EB68A5
:10BA80001B78D8E6492A03D003464FF0030969E63C
:10BA90004FF0020966E600BF70B5137882B0154614
:10BAA0000446012B07D9A3F13206B6FA86F67609C9
:10BAB0000EB9062B36D16B68012B2EDCD4F81C2175
:10BAC000B2F5806F29DC01260133013211212046B5
:10BAD0006B60D4F82C31C4F81C212A46C4F82CD150
:10BAE00001930095FCF772F86A68D4F81C3101994B
:10BAF000013A013BC4F82C116A60C4F81C317EB9CC
:10BB0000D4F80011FF2924D04A1C2923C4F80021AD
:10BB1000635484F8043102B070BD0123C4F81831B5
:10BB200002B070BDD0F80031FF2B21D0591C282263
:10BB3000C0F80011C25480F804216B68012B04DCAA
:10BB4000D0F81C21B2F5806FBEDD0123C4F8183196
:10BB5000D8E700252046D4E9423284F8FF509847C0
:10BB6000D4F82831012229461344C4F82831CCE7FF
:10BB7000194680F8FF60D0E9423298472822D4F86D
:10BB800028310121227084F804215A1C6B68C4F802
:10BB900028218B42C4F8001104DCD4F81C21B2F532
:10BBA000806F91DDC4F818110121ADE7D368DB681F
:10BBB0001B681978662966D11269D0F824112DE91D
:10BBC000F04FD2E9038483B00746227800913D2AE2
:10BBD0004FF0FF3208BFD4E90349C0F8242118BF51
:10BBE0004FF000095B786C2B00F099804ED84C2BFD
:10BBF00002D0522B40F0DD80D7F80011FF2900F071
:10BC000006814B1CC7F800312823224638467B5456
:10BC1000112187F804314FF0000A844EFFF73CFFF2
:10BC200011214246384606F1030BFFF747FDD7F8CE
:10BC3000001109E02646591CB345C7F80011FD5410
:10BC400087F8045100F0BD803446FF290B4614F8F4
:10BC5000015BEFD1384687F8FFA00236D7E94232C0
:10BC600098470123A3453D70C7F80031D7F8283124
:10BC700087F8045103F10103C7F8283100F0A180CF
:10BC800025780123D7E7002318467047722B40F030
:10BC90009080D0F80011FF2900F0AB804B1CC7F852
:10BCA00000312823224638467B54112187F804317D
:10BCB0004FF000095E4EFFF7EFFE42461121384675
:10BCC00006F1040AFFF7FAFC4FF00108D7F800115B
:10BCD00008E02646591CB245C7F80011FD5487F804
:10BCE000045166D03446FF290B4614F8015BF0D1AD
:10BCF000384687F8FF900236D7E942329847D7F89E
:10BD00002831A2453D7003F1010387F80451C7F8BB
:10BD10000081C7F828314CD025780123DAE7454E59
:10BD20004FF0000901944FF0010BD0F8001106F11B
:10BD3000040A0446374608E02F46591CBA45C4F8A1
:10BD40000011E65484F804611CD03D46FF290B46DF
:10BD500015F8016BF0D1204684F8FF900237D4E942
:10BD600042329847D4F828315545267003F1010333
:10BD700084F80461C4F800B1C4F8283102D02E78E8
:10BD80000123DAE72746019C424611213846FFF796
:10BD900095FC224611213846FFF77EFED7F80011A8
:10BDA000FF2915D04A1C2923C7F800217B5487F8A6
:10BDB00004310123009A1846C7F8242103B0BDE8D6
:10BDC000F08F424611213846FFF778FC4A46E1E7FA
:10BDD0000024D7F80831D7F80C21384687F8FF40FF
:10BDE0009847D7F82831012221461344C7F8283153
:10BDF000D9E70025D0E9423280F8FF509847D7F8BC
:10BE0000283129460133C7F82831012347E70025A7
:10BE10003846D7E9423287F8FF509847D7F828319B
:10BE200029460133C7F828310123EBE66CF10010F5
:10BE3000A4F200109CF20010137803F0FD03392BDC
:10BE400062D1D368DB682DE9F04F1F6883B03B787F
:10BE5000642B03D0002003B0BDE8F08F7E788346CA
:10BE600006F0DF03582B06D0A6F16900B0FA80F087
:10BE700040090028EFD01369692EDBF80011D3E9DF
:10BE8000035443D0FF2900F096804B1CCBF80031BF
:10BE90005B230BF801308BF804312A4611215846F8
:10BEA000FEF7BCFC7B78582B47D0692B0CD0DBF815
:10BEB0000011FF2900F09F804A1C5D23CBF8002170
:10BEC0000BF801308BF80431237803F0FD03392B94
:10BED00005D1E368DB681B681A78642A20D0DBF898
:10BEE0000011FF2976D04A1C3D23CBF8002158468B
:10BEF00022460BF8013011218BF80431FFF7CCFDFD
:10BF0000012003B0BDE8F08F00207047FF2900F04A
:10BF100083804B1CCBF800312E230BF80130BAE79D
:10BF20005B7803F0DF02582A01D0692BD7D1224673
:10BF300011215846FEF772FCE2E73F4E4FF0000930
:10BF4000DBF800114FF00108019406F1050A5C4688
:10BF5000B34608E0AB46591CD345C4F80011E6547B
:10BF600084F804611DD05D46FF290B4615F8016B6E
:10BF7000F0D1204684F8FF900BF1020BD4E9423255
:10BF80009847D4F82831AA45267003F1010384F8B4
:10BF90000461C4F80081C4F8283102D02E7801234E
:10BFA000D9E7A346019C1121E2685846FEF736FC0A
:10BFB00024697B7879E700265846DBE942328BF822
:10BFC000FF609847DBF8283131460133CBF8283140
:10BFD00001235BE70025DBF80831DBF80C2158462C
:10BFE0008BF8FF509847DBF828310122294613448B
:10BFF000CBF8283178E70025DBF80831DBF80C2195
:10C0000058468BF8FF509847DBF828310122294623
:10C010001344CBF8283150E700265846DBE942327A
:10C020008BF8FF609847DBF8283131460133CBF8B5
:10C03000283101236EE700BFACF200102DE9F0417A
:10C040001D4684B0002839D00C46174609B1002A95
:10C0500034D000236A462849CDE90033CDE90233C4
:10C06000FFF76CFB009E00283AD0039BD3B1002E53
:10C070003FD04FF0010884B3304601F0AFFC3B687D
:10C08000984224D2421C3146204601F031FC304611
:10C090002646F5F72BFDB5B1002330462B6004B0E2
:10C0A000BDE8F081DDF80880002EE4D155B1B8F18B
:10C0B000010F1AD14FF0FF332B6003E015B16FF081
:10C0C00002032B600026304604B0BDE8F081204614
:10C0D000F5F70CFDC7F80080DDE7002FFAD1DAE7AD
:10C0E0003046F5F703FD002DECD06FF001032B6017
:10C0F000E8E7002DDED1E5E7715400100378472B07
:10C1000017D143784E2B14D18378552B11D1C37896
:10C11000432B0ED10379432B0BD143792B2B08D121
:10C1200083792B2B05D1C07901288CBF00200120F9
:10C1300070470020704708B550B10446F8F7A4F8DE
:10C140002046FFF7DBFF18B154F8140CF8F742FC57
:10C15000F8F748FC2DE9F04F83B00246FFF7CEFF19
:10C1600038B1D2F828A0002552E90674D2E90C694A
:10C1700005E00446012507468146064682461046EC
:10C18000F8F782F80DB1F8F739FC3846F8F732FCC9
:10C19000F8F77AF80DB1F8F725FCF8F707F9D0F8B9
:10C1A00000804FEA960B002798F82730012B0CBF30
:10C1B000D8F8003008F178030093BA451DDD07FB7D
:10C1C0000BF359F8236009EB830306B11E446B4659
:10C1D0000022314608F12000F7F794FF08B1F8F784
:10C1E0007DFC336801AA019030460D491E69012388
:10C1F000B04728430137C5B2DFE745B10420F7F760
:10C20000DBFE084B084A06490360F8F74BFC204662
:10C21000F8F7E0FBF8F776F8F8F774F8F7F76CFF43
:10C2200064010110CC0101109143001008B5F8F72A
:10C23000C1F8006830B190F82730012B01D10068B7
:10C240007838006808BD00BF062008B501F0FAF88C
:10C250000120F6F7CFFF00BF00B583B0044B0146C5
:10C2600001AA186800F006F803B05DF804FB00BFEF
:10C27000AC1A00202DE9F047DFF8749080460E4696
:10C28000174601F02BFCD9F800504DB133783446F5
:10C2900063B13D2B0AD014F8013F3BB13D2BFAD1DD
:10C2A000404601F021FC0020BDE8F0873D2BF7D08F
:10C2B0002868A41B0028F3D02246314601F088F8F4
:10C2C00028B92868035D00EB040A3D2B04D055F81B
:10C2D000040F0028F0D1E3E7D9F800304046ED1A0A
:10C2E000AD103D6001F000FC0AF10100BDE8F087EF
:10C2F000F41B0020024B0146186800F00BB800BF89
:10C30000AC1A0020024B0146186801F04FBC00BF78
:10C31000AC1A002001F10B03162B2DE9F04F074654
:10C3200083B023D8102900F2AF8000F0AFFA1025B7
:10C3300018230220BA4E33445C68A3F108029442E9
:10C3400000F056816368384623F00303D4E90212F3
:10C350002344CA6091605A68083442F001025A606E
:10C3600000F09AFA204603B0BDE8F08F002B23F0CE
:10C370000705C0F28980A94200F2868000F086FAA3
:10C38000B5F5FC7FC0F07B826B0A00F08480042B43
:10C3900000F26281AB0903F1390003F1380EC300EA
:10C3A0009F4E3344A3F1080C5C68A44507D10DE00F
:10C3B000002AE16880F216818C450C4606D063683D
:10C3C00023F003035A1B0F2AF2DD7046DFF8688260
:10C3D0003469444500F0F280636823F0030CACEB51
:10C3E00005030F2B00F37481002BC6E9048880F24B
:10C3F0006381BCF5007FD6F804E080F0FF804FEA4F
:10C40000DC0301224FEA5C1C013302FA0CF256F8FD
:10C4100033104EEA020E06EBC302083AC6F804E0F7
:10C42000C4E9021246F83340CC6083104FF0010C8F
:10C430000CFA03FCF44534D81CEA0E0F07D120F0A7
:10C4400003004FEA4C0C04301CEA0E0FF9D006EB47
:10C45000C00A8146D646DEF80C300BE05A681C460E
:10C46000DB6822F00302511B0F2900F30181002930
:10C4700080F215819E45F1D109F101090EF1080EF6
:10C4800019F0030FE7D158E10C233B60002420464C
:10C4900003B0BDE8F08F4FF4007340204FF03F0E23
:10C4A0007EE7B468636823F00309A945A9EB050397
:10C4B00002D30F2B00F385805A4B08201B6803F131
:10C4C000100804EB0903009301F080F8564AA844D1
:10C4D00083461368013305D008F1FF384342804496
:10C4E00003EA08084146384601F058F8B0F1FF3F2A
:10C4F00082464D4A00F0078104EB0903834200F2B3
:10C5000000814A4B0BF1FF3C18684044186000F072
:10C5100064811168013100F06C8104EB0902AAEB1F
:10C52000020202441A601AF00702CDE9002300F06B
:10C530002781C2F10802384692445A44D04408EA9E
:10C540000C01521A02EA0C0B594601F027F8421C62
:10C55000019B00F06A81A0EB0A0000EB0B08186851
:10C5600048F00102B442C6F808A05844CAF80420B2
:10C57000186017D0B9F10F0F40F23E816168A9F140
:10C580000C024FF0050C22F0070201F001011143EB
:10C590000F2A616004EB0201C1E901CC00F24D8178
:10C5A000DAF80420224B54461968814238BF1860DB
:10C5B000204B1968814238BF1860A6E0D6F804E025
:10C5C00033E7621945F0010543F00103083444F8EC
:10C5D000045C3846B260536000F05EF9204603B058
:10C5E000BDE8F08FA26823443846D1608A60B2E685
:10C5F000DC68A3427FF4A6AE0230E7E6BCF5206F0C
:10C600004FEA5C2276D3142A00F2CD8002F15C035B
:10C610005B32DB00F118F3580839994211D1A5E0DB
:10C6200098160020881F002090160020581F002018
:10C63000801F0020841F0020A01600209B689942C4
:10C6400004D05A6822F003026245F7D8D968C4E9D9
:10C6500002318C60DC60E8E6142B63D9542B00F2C5
:10C66000AB802B0B03F16F0003F16E0EC30097E656
:10C67000D4F808C03846671945F001056560CCF864
:10C680000C30C3F808C041F00103C6E90477C7E9DC
:10C6900002887B60A150083400F0FEF8F7E62244DF
:10C6A0003846516841F00101516054F8082FD360B9
:10C6B0009A6000F0F1F8EAE6A44438460834DCF861
:10C6C000043043F00103CCF8043000F0E5F8DEE676
:10C6D000621943F0010145F0010538466560C6E97D
:10C6E0000422C2E90288516044F80C30083400F09A
:10C6F000D3F8CCE64FEA9C1202F139033832DB0062
:10C7000088E7B44262D0B468626822F00308A845A2
:10C71000A8EB050302D30F2B3FF753AF384600F0C9
:10C72000BBF8B3E603F15C0003F15B0EC30037E630
:10C730005AF80839534540F0A08010F0030F00F17B
:10C74000FF30F5D1736823EA0C0373604FEA4C0C99
:10C750000CF1FF329A4204D3A3E64FEA4C0C09F1E4
:10C7600004091CEA030FF8D0484670E692104FF017
:10C77000010C0CFA02F24EEA020EC6F804E066E77B
:10C780000AEB0802384602EA0C02ABEB020B0BEA9A
:10C790000C0B594600F002FF431C019B7FF4DBAEFB
:10C7A000DDF800B0DBE6542A2AD84FEA1C3202F149
:10C7B0006F036E32DB002DE7B3F5AA7F2AD8EB0BAF
:10C7C00003F1780003F1770EC300E9E52E4B0BF17E
:10C7D000FF3C1868404418609BE61AEA0C0F7FF48F
:10C7E00098AEC844D6F808A048F00102CAF8042060
:10C7F000D8E6C2F800A096E60123CAF804308DE717
:10C80000B2F5AA7F24D84FEADC3202F178037732FE
:10C81000DB00FFE640F25452934224D8AB0C03F104
:10C820007D0003F17C0EC300BAE5009A4FF0000BC7
:10C83000083A9044A8EB0A0891E6384604F108014A
:10C84000009301F0B3F9009BD6F808A01868A7E69A
:10C8500040F254539A420CD84FEA9C4202F17D03B5
:10C860007C32DB00D6E64FF47E737F204FF07E0EE5
:10C8700096E54FF47E737E22CCE6736866E7E8089F
:10C8800005F1080356E500BF581F0020014800F0DD
:10C89000EBBF00BF501F0020014800F0E7BF00BF02
:10C8A000501F00202DE9F04186B002FB03F81D4621
:10C8B000174601AB0C9C0646019103930123CDF86A
:10C8C0000880CDF81480049310B1436B002B4CD03A
:10C8D000636EB4F90C20D80707D5910409D59B04E1
:10C8E0000DD5002006B0BDE8F081900530D591044B
:10C8F0001DD442F4005223F40053A28163663046F3
:10C9000003AA214601F046FA636E03F00103B8B1B1
:10C910002BB9A3899B0502D4A06D00F0A7FF059B4E
:10C92000A8EB0308B8FBF7F006B0BDE8F081980467
:10C93000E5D5A3899905D4D4A06D00F097FFD0E781
:10C9400013B9A3899A0513D5284606B0BDE8F0812E
:10C95000A06D00F089FFB4F90C20636E9104C8D576
:10C960009A04CCD5D807BCD4E3E700F01DFBAFE7B1
:10C97000A06D00F07BFF2846E7E700BF94460A461B
:10C98000014630B51C4683B0034D634628680094C9
:10C99000FFF788FF03B030BDAC1A0020024B0A46F7
:10C9A0000146186800F002B8AC1A00202DE9F04FDB
:10C9B000164683B0002900F09E800C4606F10B0558
:10C9C0008046FFF763FF54F8040C162DA4F1080904
:10C9D00020F0030762D8102200231546B542C0F0AC
:10C9E000A280002B40F09F80974261DADFF82CB3E1
:10C9F00009EB0701DBF80830D1F804C08B4200F0E6
:10CA00009A802CF001030B445B68DB0768D42CF0A0
:10CA1000030C07EB0C03934245DAC30712D454F816
:10CA2000083CA9EB030ADAF8043023F0030084443D
:10CA30000CEB070B5A4540F3018107EB000B5A45FD
:10CA400040F3D78031464046FFF764FC0646002895
:10CA500000F02C8154F8043CA0F1080223F00103FB
:10CA60004B44934200F0B4803A1F242A00F2E28043
:10CA7000132A00F2B38003462246116819605168F8
:10CA8000596092689A602146404601F08FF840460E
:10CA9000FFF702FF304603B0BDE8F08F25F0070531
:10CAA0002A46EB0F9AE71F46D1E90223D3609A602A
:10CAB000781BD9F8043009EB07020F2803F00103B3
:10CAC0001FD83B43C9F80430536843F00103536057
:10CAD00026464046FFF7E0FE304603B0BDE8F08F43
:10CAE000C307AFD454F8083CA9EB030ADAF80430C2
:10CAF00023F00300A1E7114603B0BDE8F04FFFF7B4
:10CB000009BC2B4309EB050140F00100C9F80430D2
:10CB1000083141F8040C4046536843F00103536068
:10CB200001F044F8D4E70C23C8F800300026304662
:10CB300003B0BDE8F08F2CF0030C05F110010CEBF5
:10CB400007038B4280F29280C0073FF57BAF54F819
:10CB5000083CA9EB030ADAF8043023F0030084440C
:10CB60000CEB070399423FF768AF3A1F5646DAF8D5
:10CB70000C1056F8080F242AC160886000F2B080BB
:10CB8000132A40F2AB8021681B2ACAF8081061689A
:10CB9000CAF80C1000F2AB8008340AF110022168C8
:10CBA000116061685160A16891605B1B0AEB05022E
:10CBB000404643F00103CBF808205360DAF8043014
:10CBC00003F001032B43CAF80430FFF765FE83E747
:10CBD00050F8043C23F003031F4469E723681B2A31
:10CBE00003606368436036D804F1080200F108036B
:10CBF00043E73A1F5646DAF80C30242A56F8081F45
:10CC0000CB60996022D8132A1ED923681B2ACAF840
:10CC100008306368CAF80C303CD808340AF11003B5
:10CC200022681A6062685A60A2689A6034465F4659
:10CC3000D1463DE7214600F097FA24E7D1E90213F7
:10CC40003A1FCB609960D5E73346E9E72146304685
:10CC500000F08AFAEAE7A368242A8360E368C360E5
:10CC600028D004F1100200F1100306E75B1B09EB6A
:10CC700005024046264643F00103CBF808205360E6
:10CC800054F8043C03F001032B4344F8043CFFF741
:10CC900003FE21E7A368242ACAF81030E368CAF823
:10CCA000143010D010340AF11803B9E74046FFF7EA
:10CCB000F3FD3BE7236904F11802036163694361F3
:10CCC00000F11803D9E623691834CAF8183054F86B
:10CCD000043CCAF81C300AF12003A1E732465EE7A3
:10CCE00021463046019300F03FFA019B5DE7A168C1
:10CCF000242ACAF81010E168CAF8141003D01034BE
:10CD00000AF118024BE722691834CAF8182054F8BF
:10CD1000042CCAF81C200AF1200240E798160020D3
:10CD20002DE9F04707460E464548354616F801EB13
:10CD300010F80EC01CF0080CF7D1BEF12D0F63D017
:10CD4000BEF12B0F3AD0644633F010003ED04FF0C6
:10CD5000FF389A46B8FBF3F803FB08F96FEA0909B4
:10CD6000002528460EE0AEF1370C63451DDD013588
:10CD700004D0404502D834D1CC4532DD4FF0FF35E8
:10CD800016F801EBAEF1300CBCF1090FEDD9AEF1A4
:10CD9000410CBCF1190FE6D9AEF1610CBCF1190FD1
:10CDA00003D8AEF1570C6345E1DC6B1C25D004B110
:10CDB00040420AB135BB1160BDE8F08733F0100086
:10CDC00096F800E0644605F10206C0D1BEF1300FCE
:10CDD0001FD05BB90A234FF00509DFF868809A4637
:10CDE000BEE70AFB00C00125CAE70BB310234FF0D2
:10CDF0000F096FF070489A46B2E7222328463B603D
:10CE0000002AD9D0711ED6E796F800E00124AE1CA6
:10CE10009AE7307800F0DF005828E6D1102396F822
:10CE200001E04FF00F0902366FF070489A4697E71D
:10CE300008234FF007096FF060489A4690E700BF5B
:10CE4000290B01109999991910B4044C13460A46FC
:10CE5000014620685DF8044BFFF762BFAC1A002062
:10CE6000024A0349034801F007B900BFA01A002095
:10CE700035E10010B01A00200C4B4168994210B502
:10CE8000044601D001F056F9A168094B994202D03D
:10CE9000204601F04FF9E168064B994204D0204644
:10CEA000BDE8104001F046B910BD00BF8C1F002046
:10CEB000F41F00205C2000202DE9F843314A0025B2
:10CEC000314C04233149DFF8D89004F15C00DFF8DD
:10CED000D4802F4F2F4E11602946082225606566A9
:10CEE000C4E90335C4E90155C4E9055500F0BAF9B0
:10CEF00004F15800E662C4E90749C4E9098700F073
:10CF0000AFFC254B2946082204F1C400636725675E
:10CF1000C4F8CC50C4F88050C4E91A55C4E91E5571
:10CF200000F0A0F904F1680304F1C000C4F88430F3
:10CF3000C4E92298C4E9247600F092FC174B2946F4
:10CF400004F596700822C4F8DC30C4F8D850C4F850
:10CF50003451C4F8E850C4E93455C4E9385500F0F8
:10CF600081F904F1D00304F59470C4F8F090C4F88A
:10CF7000FC60C4F8EC30C4E93D87BDE8F84300F03C
:10CF80006FBC00BFC42000208C1F002061CE0010A9
:10CF9000E1E3001009E400100900010012000200A2
:10CFA0007DE30010A1E3001010B504460A4800F02C
:10CFB0005BFC636B23B9094B094A1B68626323B1AD
:10CFC0000548BDE8104000F051BCFFF775FF02486E
:10CFD000BDE8104000F04ABC541F0020C4200020CF
:10CFE00079CE0010014800F03FBC00BF541F002064
:10CFF000014800F03BBC00BF541F0020144B70B52B
:10D000001E6805460C460EB1736BE3B1636ED8071C
:10D0100002D4A389990512D522462946304601F04B
:10D020004DF8636E0546DA0702D4A3899B0501D546
:10D03000284670BDA06D00F019FC284670BDA06D9B
:10D0400000F012FCE8E73046FFF7AEFFDEE700BF76
:10D05000AC1A002030B587B0054608461446019149
:10D0600000F0BCFC01AA012305900290CDE9032346
:10D0700015B16B6B002B3CD0636EB4F90C20D80754
:10D0800016D591041DD442F4005223F40053A2811A
:10D090006366284603AA214600F07CFE636E0546BF
:10D0A000DA0702D4A3899B0510D5284607B030BD06
:10D0B000900511D59104E6D59B04EAD54FF0FF35D4
:10D0C000F0E79B04E5D54FF0FF35EEE7A06D00F0EB
:10D0D000CDFB284607B030BDA06D00F0C5FBB4F90C
:10D0E0000C20636E9004CED59904D2D54FF0FF3555
:10D0F000D6E72846FFF758FFBEE700BF024B0A46B7
:10D1000001461868FFF7A6BFAC1A0020032A30B406
:10D1100012D941EA000484460B46A40721D11946DE
:10D12000604653F8044B5CF8045BA54219D1043AFD
:10D13000032AF4D860461946541E7AB1431E0139B9
:10D14000021901E09A4209D013F8010F11F801CF3A
:10D150006045F7D0A0EB0C0030BC7047002030BC1D
:10D160007047541EEAE700BF88420DD98B188342EE
:10D170000AD900EB020C5AB3624613F801CD99426A
:10D1800002F801CDF9D170470F2A0DD802F1FF3C0A
:10D19000F2B10CF1010C431E8C4411F8012B6145D6
:10D1A00003F8012FF9D1704740EA01039B07F0B55E
:10D1B0000C460ED002F1FF3C03460CF1010C013B82
:10D1C0008C4411F8012B614503F8012FF9D1F0BD12
:10D1D0007047A2F1100501F1200E01F1100300F1DA
:10D1E000100C25F00F05AE4453F8106C10330CF101
:10D1F000100C4CF8206C53F81C6C4CF81C6C53F859
:10D20000186C73454CF8186C53F8146C4CF8146C8B
:10D21000EAD101EB050C12F00C0F05440CF11001E2
:10D2200005F1100302F00F050E4618D0043DA0EBE7
:10D23000040E25F00304A4440CF1140C0F6801EB58
:10D240000E0504312F606145F8D1043402F0030269
:10D25000A119234402F1FF3C002AAED1F0BD2A46B9
:10D26000F8E700BF830730B546D08418844604E051
:10D2700003F8011B9D0704D09C46A4456346F7D1E3
:10D2800030BD013A0244A2EB0C02032A29D9CCB2E8
:10D290000F2A04EB042404EB04442FD9A2F1100C50
:10D2A00003F110052CF00F0CAC44C3E90044C3E9B2
:10D2B000024410336345F8D112F00C0F02F00F0E48
:10D2C00018D02EF0030CAEF104051A469C4442F827
:10D2D000044B6245FBD125F0030404330EF0030236
:10D2E0002344002ACCD0C9B21A4403F8011B93424C
:10D2F000FBD130BD7246F4E70346C6E79646E0E749
:10D3000011F0FF01034600F0030239D08ABB10B5CB
:10D3100001EB012E02680EEB0E4EA2F101338EEAF4
:10D32000020423EA0203A4F1013222EA04021343B5
:10D3300013F0803F0FD150F8044F84EA0E0CA4F193
:10D340000133ACF1013223EA040322EA0C02134355
:10D3500013F0803FEFD0037823B936E010F8013F97
:10D36000002B32D09942F9D110BD8A4228D09A07B9
:10D3700029D01A7818460133002AF6D11046704792
:10D38000CAB90268A2F1013323EA020313F0803F15
:10D3900008D150F8042FA2F1013323EA020313F05D
:10D3A000803FF6D003785BB110F8013F002BFBD132
:10D3B0007047990705D0184613F8012B002AF8D1B9
:10D3C00070471846DDE71846A1E7184610BD00BFB4
:10D3D00082B30B4630B540EA01048646A40717D154
:10D3E000032A07D814E0043A22D01CF0803F1FD152
:10D3F000032A23D9DEF80040194653F8045B70462F
:10D40000A4F1013C0EF1040EAC422CEA040CEAD06B
:10D410000378013A0C78A3420ED1024406E03BB1F6
:10D4200010F8013F11F8014FA34205D19042F6D107
:10D43000002030BD10467047181B30BD704619469D
:10D44000E6E700BF38B51F28134B1D681ED8D5F876
:10D450003821044662B152F820304BB1012B05D07F
:10D46000591C0FD0002142F820109847002038BDE9
:10D47000284600F091F8224601462846BDE838408B
:10D4800000F074B8162301202B6038BD16234FF02E
:10D49000FF302B6038BD00BFAC1A0020F0B500266D
:10D4A00083B0019612B3134B14460F460122014676
:10D4B000186801AB01F082F8054600F08FFAA0422F
:10D4C0000DD22946384600F06DF9019808B103B035
:10D4D000F0BD2B78002B08BF162003B0F0BD013C37
:10D4E00029463846224600F003FA3E55222003B072
:10D4F000F0BD00BFAC1A002070B50C4B84B04FF0EB
:10D50000FF360446002218686946CDE9006600F03F
:10D5100017F8002806DBDDE900010CB1C4E90001C1
:10D5200004B070BD30463146F7E700BFAC1A0020AA
:10D530008446134602200A46614600F07DBA00BFC9
:10D5400070B50C460346084D0026204611461C4681
:10D550002E60F5F767FE431C00D070BD2B68002BD2
:10D56000FBD0236070BD00BF1821002070B50C46B1
:10D570000346084D0026204611461C462E60F5F74E
:10D580006DFE431C00D070BD2B68002BFBD02360C8
:10D5900070BD00BF18210020F5F75EBE38B500222F
:10D5A000064D044608462A60F5F726FE431C00D0C7
:10D5B00038BD2B68002BFBD0236038BD182100201C
:10D5C000014B1868704700BFAC1A0020082802D130
:10D5D0004FF48050704708B5FFF7F2FF162203465C
:10D5E0004FF0FF301A6008BD80EA010C1CF0030FF9
:10D5F00037D110F0030C20F0030021F0030150F8A4
:10D60000042B08BF51F8043B0ED08CF0030C6FF0D4
:10D610007F434FEACC0C23FA0CFC51F8043B42EA5E
:10D620000C0243EA0C0300BFA2F1013C9A4201BF85
:10D630002CEA020C1CF0803F50F8042B51F8043BFC
:10D64000F2D04FEA02604FEA1222012828BFB0EB65
:10D65000036F08BF1B0AF4D003F0FF03000EC01ACB
:10D66000704710F0030F0AD010F8012B11F8013B9E
:10D67000012A28BF9A42F4D0A2EB030070474DF86C
:10D68000045D50F8042B01F0030521F0030151F86B
:10D69000043B022D26D04DD822F07F45B5EB132F49
:10D6A000A2F1013C2CEA020C0DD11CF0803C08BF19
:10D6B00051F8043B0AD185EA0205B5EB036F0CD1A2
:10D6C00050F8042BE8E74FEA13235BE03CF07F4C73
:10D6D00054D10B784FEA126554E04FEA126503F01B
:10D6E000FF034FE04FEA0245A2F1013C4FEA154526
:10D6F0002CEA020CB5EB134F18D11CF0803C08BF8C
:10D7000051F8043B07D185EA0205B5EB034F09D177
:10D7100050F8042BE6E75FEA0C4C2FD10B884FEA58
:10D7200012452FE04FEA03434FEA12454FEA1343F5
:10D7300028E000BF02F0FF05B5EB136FA2F1013C3A
:10D740002CEA020C0DD11CF0803C08BF51F8043BC0
:10D750000AD185EA0205B5EB032F0AD150F8042B54
:10D76000E8E74FEA13630DE012F0FF0F06D051F81F
:10D77000043B4FEA122523F07F4303E04FF0000003
:10D7800020BC704705F0FF0203F0FF00012828BF0E
:10D79000904204BF2D0A1B0AF4D0A2EB000020BC6B
:10D7A000704700BF80EA0102844612F0030F4FD198
:10D7B00011F0030F32D14DF8044D11F0040F51F860
:10D7C000043B0BD0A3F101329A4312F0803F04BF17
:10D7D0004CF8043B51F8043B16D100BF51F8044B00
:10D7E000A3F101329A4312F0803FA4F101320BD130
:10D7F0004CF8043BA24312F0803F04BF51F8043BB5
:10D800004CF8044BEAD023460CF8013B13F0FF0F11
:10D810004FEA3323F8D15DF8044B704711F0010F44
:10D8200006D011F8012B0CF8012B002A08BF704715
:10D8300011F0020FBFD031F8022B12F0FF0F16BF0C
:10D840002CF8022B8CF8002012F47F4FB3D17047D4
:10D8500011F8012B0CF8012B002AF9D1704700BFF9
:10D86000704700BF704700BF704700BF704700BFE0
:10D8700030B586468007CCB215D00EEB0205F446D3
:10D8800006E013F8011BA14207D0990706D09C4679
:10D89000654563466046F4D1002030BD013A7244CC
:10D8A0009E46A2EB0C02032A0CD8002AF4D0734641
:10D8B000724401E09A42EFD0184613F8011BA142CE
:10D8C000F8D130BD04EB0425714605EB05458E46C5
:10D8D00051F8043B6B40A3F1013020EA030313F03D
:10D8E000803FE4D1043A032AF1D88E46DDE700BF39
:10D8F000844641EA000313F0030349D1403A23D39D
:10D900000B6803604B6843608B688360CB68C360BF
:10D910000B6903614B6943618B698361CB69C361A7
:10D920000B6A03624B6A43628B6A8362CB6AC3628F
:10D930000B6B03634B6B43638B6B8363CB6BC36377
:10D9400040304031403ADBD230320BD30B680360B9
:10D950004B6843608B688360CB68C36010301031C4
:10D96000103AF3D20C3205D351F8043B40F8043B93
:10D97000043AF9D2043208D0D2071CBF11F8013B97
:10D9800000F8013B01D30B8803806046704700BF5D
:10D99000082A13D38B07B1D010F00303AED0C3F124
:10D9A0000403D21ADB071CBF11F8013B00F8013B4E
:10D9B000A4D331F8023B20F8023B9FE7043AD9D3C5
:10D9C000013A11F8013B00F8013BF9D20B780370E2
:10D9D0004B7843708B7883706046704720F003016A
:10D9E00010F00300C0F1000051F8043B00F1040CFA
:10D9F0004FEACC0C6FF000021CBF22FA0CF213436A
:10DA00004FF0010C4CEA0C2C4CEA0C4CA3EB0C0232
:10DA100022EA030212EACC1204BF51F8043B04309C
:10DA2000F4D0C2F1000102EA0102B2FA82F2C2F1BC
:10DA30001F0200EBD20070472DE9F8431C4D06464B
:10DA400098460F4628689146FFF70EFF194B1C6851
:10DA50002CB3286865681F2D24DC4EB96B1C023579
:10DA6000636044F82570FFF701FF0020BDE8F883EC
:10DA700004EB85010123022EC1F8889003FA05F317
:10DA8000D4F8882142EA0302C4F88821C1F8088149
:10DA9000E4D1D4F88C211A43C4F88C21DEE7064C7B
:10DAA0001C60D6E7FFF7E2FE4FF0FF30DEE700BF75
:10DAB000F01B0020B41D0020B81D0020024B13B144
:10DAC000024800F005B870470000000039EA001075
:10DAD000002301461A461846FFF7AEBF0148FFF77C
:10DAE000C3BE00BF4C1F00200148FFF7BFBE00BFF0
:10DAF0004C1F00202DE9F8430646DFF8AC800820D3
:10DB00008946FFF763FD05463046FEF7BFFED8F8AD
:10DB100008305F6827F00307A7F11104A4EB09049C
:10DB20002C44B4FBF5F4013C05FB04F4A54208DCED
:10DB300000213046FFF732FDD8F808303B449842C8
:10DB400005D03046FEF7A8FE0020BDE8F88361420C
:10DB50003046FFF723FD01300FD03F1B104AD8F8A5
:10DB60000830304647F001075F6013681B1B1360E5
:10DB7000FEF792FE0120BDE8F88300213046FFF752
:10DB80000DFDD8F80820831A0F2BDADD43F00103CE
:10DB900003495360034B1B68C01A0860D1E700BFFC
:10DBA000581F0020901600209816002000295AD0F7
:10DBB000F8B50C460746FEF769FE734D54F804CCE1
:10DBC000A4F10802A8682CF001030CF0010ED11892
:10DBD0004E68884226F003067CD088194E60406863
:10DBE00000F00100BEF1000F2ED154F8084C05F1F1
:10DBF000080C121B23449468644560D0D2F80CE0F2
:10DC0000C4F80CE0CEF8084000287DD043F00100B5
:10DC100050600B60B3F5007F2ED25809D90801235C
:10DC2000834068680131034355F831006B6005EBB0
:10DC3000C103083BC2E9020345F83120C2603846FF
:10DC4000BDE8F840FEF728BE70B9334405F1080C72
:10DC5000886843F0010460456ED0C968C16088607F
:10DC60005460D350D6E770474CF00101B3F5007F04
:10DC700044F8041CD350D0D3B3F5206F4FEA53219E
:10DC800044D2990901F1390001F13804C100681842
:10DC900069580838884203D155E08968884204D021
:10DCA0004C6824F003049C42F7D8C868C2E902100B
:10DCB00082603846CA60BDE8F840FEF7EDBD80BB23
:10DCC0001E44D1E90213CB60996046F00103536012
:10DCD0009651B4E71E44BEF1000F07D154F8083C3A
:10DCE000D21A1E44D2E90213CB60996046F00103B8
:10DCF0005360264BAA601B68B342A0D8244B384619
:10DD00001968FFF7F7FE9AE73344A1E714290DD904
:10DD100054291FD8190B01F16F0001F16E04C100E5
:10DD2000B5E743F0010050600B6088E701F15C004B
:10DD300001F15B04C100AAE7C5E90422C2E902CCF3
:10DD40005460D3507BE7A4100123A3406C682343A5
:10DD50006B60ABE7B1F5AA7F06D8D90B01F178006B
:10DD600001F17704C10092E740F25450814206D895
:10DD7000990C01F17D0001F17C04C10087E74FF4AB
:10DD80007E717E2483E700BF981600209416002041
:10DD9000881F00209368002B00F0B780B1F90CC0F9
:10DDA0001CF0080F2DE9F04F174683B080460C4653
:10DDB00027D00B692BB31CF002033D682DD04FF028
:10DDC000000ADFF8B0B2B94656465E4533465246C1
:10DDD000404628BF5B46002E00F08680E169676AF6
:10DDE000B847002840F38980D9F808308244361AB1
:10DDF0001B1AC9F80830002BE7D1002003B0BDE89A
:10DE0000F08F2146404600F059FB00287AD1B4F942
:10DE10000CC03D681CF00203D1D11CF0010976D181
:10DE20004E460097002E5BD01CF4007F2068D4F88B
:10DE300008B000F0B280B3455A4600F2E0801CF40E
:10DE4000906F33D06369216913EB4303A0EB010B9F
:10DE500048BF01334FEA630A0BF1010333445246D2
:10DE6000534501D99A461A461CF4806F00F0E580AC
:10DE700011464046FEF74EFA002800F0F4805A465C
:10DE800021690190FFF734FDA289019B22F4906281
:10DE900042F08002A28103EB0B0023613246AAEB21
:10DEA0000B03B346C4F814A0A36020604946019256
:10DEB000FFF75AF9A368019AB246A3EB0B01236856
:10DEC00000261344A1602360009AD1449368A3EB19
:10DED0000A039360002B90D0B4F90CC0002EA3D19C
:10DEE000D5E9009608359DE7D5E900A608356CE729
:10DEF0002146404600F018FA70B3B4F90C3043F0F4
:10DF00004003A3814FF0FF3078E7002070471E46A2
:10DF1000BA46994618461F4600955EB3002831D090
:10DF20004A46A168B2426369206828BF324603EBC3
:10DF3000010B2169884201D95A4570DC934261DCAA
:10DF40003A46E1694046656AA847B0F1000BD4DD66
:10DF5000B9EB0B09CCD00120DAF808305F44A6EB0E
:10DF60000B06A3EB0B03CAF80830002B3FF445AFB8
:10DF7000002ED3D1009A5668134608320092002E24
:10DF8000F8D01F6832460A213846FFF771FC002896
:10DF900066D00130A0EB0709C2E72369834216D39C
:10DFA0006269B24213D86FF00043E1694046676A84
:10DFB000B34228BF334693FBF2F302FB03F34A4616
:10DFC000B847B0F1000A98DDA6EB0A067CE7B34536
:10DFD000DA46494628BFB2465246FFF7C5F8A3685D
:10DFE0002268A3EB0A035244A3602260002BEBD10A
:10DFF0002146404600F098F90028E5D07DE7B34679
:10E00000324653E739460192FFF7AEF8019AA3680A
:10E0100093469B1AA36023681344236098E739460C
:10E020005A46FFF7A1F82368214640465B44236027
:10E0300000F07AF900288BD05FE74046FEF7B6FC87
:10E04000034600287FF427AF21694046FFF7AEFD65
:10E05000B4F90C300C2223F08003C8F800204EE7FE
:10E06000721C91465DE70C22B4F90C30C8F8002010
:10E0700045E700BF00FCFF7F2DE9F8434FF00009A2
:10E08000074688461646D6E90154013D0FD4A389B8
:10E09000012B08D9B4F90E3021463846013302D09D
:10E0A000C04749EA0009013D68346B1CEFD136686E
:10E0B000002EE8D14846BDE8F88300BF70B50E4693
:10E0C0000546144610B1436B002B2FD0636ED80762
:10E0D00002D4A389990520D5A368013B002BA36036
:10E0E00019DAA26993420FDBF0B20A280CD0236838
:10E0F00005465A1C22601E70636EDA0702D4A3899B
:10E100009B050ED5284670BD28462246314600F0B4
:10E110007FF90546F0E7F0B2E9E7A06DFFF7A4FB51
:10E12000DAE7A06DFFF7A2FB284670BDFEF73CFFC3
:10E13000CCE700BF70B500293FD006460C4610B1B1
:10E14000436B002B3CD0636EB4F90C20DD0732D456
:10E15000900538D52146304600F04CF8E36A054674
:10E1600033B1E169304698470028B8BF4FF0FF351A
:10E17000A3891A0639D4216B41B104F140039942B5
:10E1800002D03046FFF712FD00232363616C21B1FA
:10E190003046FFF70BFD00236364FEF723FF636E39
:10E1A0000022DB07A2811CD5A06DFFF75BFBFEF709
:10E1B0001FFF284670BD002ACCD10025284670BD1F
:10E1C000FEF7F2FEBFE7A06DFFF74EFBB4F90C308F
:10E1D000002BBFD1636ED907EFD4A06DFFF746FBCC
:10E1E000EBE7A06DFFF742FBDEE721693046FFF762
:10E1F000DDFCC0E7B1F90C202DE9F04115070C4614
:10E2000080464ED4496842F400630029A38163DD4F
:10E21000A66A002E42D0002112F48052D8F8005095
:10E22000C8F8001065D10123E1694046B0470246B5
:10E23000501C6CD0B4F90C30A66A590705D5636838
:10E24000D21A236B0BB1E36BD21A0023E16940466B
:10E25000B047421CB4F90C304DD1D8F800101D293C
:10E2600040D8304ACA40D7073CD523F40062DE04C8
:10E27000A2814FF0000262602269226001D500296C
:10E2800043D0216BC8F8005041B104F140039942DA
:10E2900002D04046FFF78AFC002323630020BDE83C
:10E2A000F0810E69002EF9D092070D680E600CBF48
:10E2B0004B690023AD1B8B600BE02B463246E169B6
:10E2C0004046676AB847B0F1000CA5EB0C05664400
:10E2D00006DD002DF1DCE1E7E16B002998DCDDE7EC
:10E2E000B4F90C3043F040034FF0FF30A381BDE898
:10E2F000F081226DA1E723F40062DB04A2814FF0DC
:10E300000002626022692260BBD52065B9E7D8F8B7
:10E310000030002B8ED01D2B01D0162BE0D1C8F879
:10E320000050BBE70100402038B505460C4608B157
:10E33000436B03B3B4F90C0088B1636EDB0701D4FF
:10E3400081050FD528462146FFF754FF636E054629
:10E35000DA0702D4A3899B0508D5284638BD0546AF
:10E36000284638BDA06DFFF77FFAEBE7A06DFFF7F9
:10E370007DFA284638BDFEF717FEDBE710B50C46E0
:10E38000B1F90E1000F02CFB002803DB236D0344D1
:10E39000236510BDA38923F48053A38110BD00BF62
:10E3A0002DE9F0410C46B1F90C101F460546CB058E
:10E3B00016460BD421F480513B4632462846A181B3
:10E3C000B4F90E10BDE8F04100F020BBB4F90E1016
:10E3D0000223002200F0EEFAB4F90C10EAE700BFC5
:10E3E00010B50C46B1F90E1000F0E4FA421CB4F975
:10E3F0000C3004D043F480532065A38110BD23F476
:10E400008053A38110BD00BFB1F90E1000F0C0BA57
:10E41000F8B50D460646144610B1436B002B4AD0A2
:10E42000B4F90C30A2691807A2601FD52269EAB1BD
:10E43000EDB29904626E2F4624D592042FD422683F
:10E4400023696169D31A99422CDD0133A16801392E
:10E45000A160511C2160157062699A4219D00A2D81
:10E4600002D1A389DB0714D43846F8BD21463046D3
:10E4700000F024F898B9B4F90C30EDB2626E99044A
:10E480002F46DAD443F4005322F40052A38162668B
:10E49000D5E721463046FFF747FF0028E4D04FF08C
:10E4A000FF37E1E721463046FFF73EFF0028F6D16F
:10E4B00022680123CAE7FEF777FDB1E738B53E4B86
:10E4C00005460C461B6813B15A6B002A5BD0B4F9A1
:10E4D0000C3019070BD522699AB113F0010221D033
:10E4E000636900225B42A260A361002038BDDA06A6
:10E4F00059D558071BD4226943F00803A381002A89
:10E50000EBD1990529D5180603F0800125D4D80749
:10E5100042D49D073DD5A2600029E6D043F04003D8
:10E52000A38145E09B0716D46369A360DDE7216BF7
:10E5300051B104F14002914204D02846FFF736FB66
:10E54000B4F90C30002222630021226923F0240355
:10E55000C4E90021D0E7A260C7E72146284600F0C1
:10E560007FFAB4F90C30226913F001010FD0616910
:10E5700000204942A060A161002AB6D103F08001C9
:10E580000029B2D0CAE71846FEF70EFD9FE79807AC
:10E5900000D46169A160EFE76069A2604042A061B8
:10E5A0000029A2D0BAE7092243F040032A60A381E0
:10E5B0004FF0FF3038BD00BFAC1A00208C4611462A
:10E5C000BCF18E0F00F29180DFE81CF039013701B9
:10E5D0003501330131012F012D012B0129012701C3
:10E5E0002501230121011F011D018F001B011901BC
:10E5F00017011501130111010F010D010B01090193
:10E600000701050103010101FF00FD00FB00F90006
:10E61000F700F500F3008F008F008F008F008F0050
:10E620008F008F008F00F100EF008F008F008F00B0
:10E630008F008F008F008F008F008F008F008F0062
:10E640008F008F00ED00EB00E900E7008F008F00E6
:10E650008F00E5008F008F008F00E3008F008F0098
:10E66000E1008F008F00DF008F008F008F008F0090
:10E670008F008F008F008F008F008F00DD008F00D4
:10E68000DB00D900D7008F008F00D5008F008F00EE
:10E690008F008F008F008F008F008F00D300D1007C
:10E6A000CF00CD00CB00C9008F00C700C500C3005C
:10E6B000C100BF00BD00BB00B900B700B500B3008A
:10E6C000B100AF008F00AD00AB00A900A7008F0024
:10E6D0008F008F008F008F00A5008F008F008F00AC
:10E6E000A300A1009F009D009B00002B14BF1A46B1
:10E6F0000246604608B500F049F9002800F0A18004
:10E7000008BD5148704751487047514870475148BB
:10E7100070475148704751487047514870475148B9
:10E7200070475148704751487047514870475148A9
:10E730007047514870475148704751487047514899
:10E740007047514870475148704751487047514889
:10E750007047514870475148704751487047514879
:10E760007047514870475148704751487047514869
:10E770007047514870475148704751487047514859
:10E780007047514870475148704751487047514849
:10E790007047514870475148704751487047514839
:10E7A0007047514870475148704751487047514829
:10E7B0007047514870475148704751487047514819
:10E7C0007047514870475148704751487047514809
:10E7D00070475148704751487047514870475148F9
:10E7E00070475148704751487047514870475148E9
:10E7F00070475148704751487047514870475148D9
:10E8000070475148704751487047514870475148C8
:10E8100070475148704751487047514870475148B8
:10E8200070475148704751487047514870475148A8
:10E830007047514870475148704751487047514898
:10E840007047514808BD00BF74FE00105CFE001008
:10E8500048FE0010ACFE0010A4FB0010DCFA001013
:10E8600014FE00102CFE001018FA0010D8FD001045
:10E870004CFC0010D4FE0010E0F80010A8F80010C6
:10E88000B0F90010B0FA0010A0F90010E8FE001076
:10E89000F4F90010C8FB0010F0FD0010C0FD0010DE
:10E8A00090FD001078FD001058FD001038FD00109C
:10E8B00008FD0010E4FC0010A4FD001088FE00100C
:10E8C000CCFC0010B0FC00109CFC001080FC001080
:10E8D00074FC001060FC00103CFC001024FC0010D4
:10E8E00010FC0010F8FB001000FD0010E8FB001009
:10E8F000E0FB0010BCFB001090FB001074FB00104C
:10E9000060FB001030FB001024FB001014FB001013
:10E91000FCFA0010ECFA0010C4FA0010A0FA001083
:10E9200090FA001078FA001058FA001038FA001027
:10E93000E0F90010D0F9001090F9001080F90010F3
:10E940006CF9001060F9001048F900103CF9001053
:10E9500028F9001014F9001000F90010D4F8001084
:10E96000C4F8001094F8001080F8001064F800104B
:10E9700058F8001040F8001030F8001014F800109B
:10E9800008F8001000F80010E4F1001000207047B3
:10E9900038B50022064D044608462A60F4F780FC8C
:10E9A000431C00D038BD2B68002BFBD0236038BD42
:10E9B0001821002038B50C4684461146074D1A46EA
:10E9C0000023204664462B60F4F76EFC431C00D005
:10E9D00038BD2B68002BFBD0236038BD18210020E8
:10E9E00038B50C4684461146074D1A46002320468A
:10E9F00064462B60F4F736FC431C00D038BD2B680E
:10EA0000002BFBD0236038BD1821002038B50C4600
:10EA100084461146074D1A460023204664462B6063
:10EA2000F4F72EFC431C00D038BD2B68002BFBD024
:10EA3000236038BD1821002038B5074D074C2C1B2A
:10EA4000A41005D0013C55F8043D9847002CF9D19D
:10EA5000BDE8384000F094B858EC001058EC0010B5
:10EA6000B1F90C3070B50C46990796B007D504F192
:10EA7000430301222360C4E9043216B070BDB4F927
:10EA80000E10054600292BDB6A4600F051F80028DD
:10EA900024DB4FF480612846019EFDF73BFCB4F96E
:10EAA0000C30A0B306F4704643F080034FF480624C
:10EAB0002060B6F5005F2061A381626135D1B4F9B1
:10EAC0000E10284600F04AF8B4F90C3068B323F071
:10EAD00003034FF4006243F0010314E0B4F90C3077
:10EAE00013F0800F28460CBF4FF48065402529465F
:10EAF000FDF710FCB4F90C3048B143F0800300225C
:10EB00002060C4E904051343A38116B070BD9A05C3
:10EB1000B3D423F0030304F14302012143F00203C1
:10EB20002260C4E90421A381A7E74FF40062EAE769
:10EB300070B50C460346084D0026204611461C467B
:10EB40002E60F4F7B5FB431C00D070BD2B68002B82
:10EB5000FBD0236070BD00BF1821002038B5002213
:10EB6000064D044608462A60F4F7A6FB431C00D075
:10EB700038BD2B68002BFBD0236038BD1821002046
:10EB8000F8B500BF000000005FF800F0E5090020C4
:10EB90005FF800F0D90900205FF800F0151600209A
:10EBA0005FF800F0DD1500205FF800F01112002082
:10EBB0005FF800F0ED1100205FF800F02F16002044
:10EBC0005FF800F0C10200205FF800F0E5010020CE
:10EBD0005FF800F0210200205FF800F0D509002066
:10EBE0005FF800F0091600205FF800F07D010020BA
:10EBF0005FF800F0291600205FF800F0310A0020CD
:10EC00005FF800F0C91100206D160010E11500102A
:10EC100015160010011700104D1600106515001094
:10EC200095160010511500107D0B0010991600105C
:10EC3000F90E0010B11500108116001031160010E9
:10EC40007D0A0010A50A0010BDDA001011020010A4
:08EC5000993D0010094000107D
:10EC580064656661756C7400766563746F723A3AC0
:10EC68005F4D5F7265616C6C6F635F617070656E3C
:10EC7800640000000A2A2A2A2050414E4943202ACB
:10EC88002A2A0A00486172647761726520616C61A2
:10EC9800726D20256420616C726561647920636CF3
:10ECA80061696D6564000000486172642061737376
:10ECB800657274004F7574206F66206D656D6F7294
:10ECC8007900000052656C6561736500626F6F744E
:10ECD800325F77323571303830000000302E310025
:10ECE800322E322E300000007069636F325F770079
:10ECF800756E69766572735F616C6C004F63742022
:10ED08002037203230323500666E692B0000000053
:10ED1800666E69006E616E00666E692D0000000007
:10ED28003A2000006D7431393933370070726E67DC
:10ED38000000000072616E646F6D5F6465766963E0
:10ED4800653A3A5F4D5F696E69745F707265747297
:10ED58003128636F6E7374207374643A3A737472F3
:10ED6800696E67262900000062617369635F7374C6
:10ED780072696E673A3A5F4D5F63726561746500E8
:10ED880062617369635F737472696E673A3A5F4D63
:10ED98005F7265706C6163650000000067656E6591
:10EDA8007269630073797374656D0000556E6B6EDC
:10EDB8006F776E206572726F72000000474C49428F
:10EDC8004358585F54554E41424C4553000000008B
:10EDD8006F626A5F73697A65000000006F626A5F3C
:10EDE800636F756E74000000676C69626378782ED3
:10EDF80065685F706F6F6C007374643A3A6261643F
:10EE08005F657863657074696F6E00007465726D14
:10EE1800696E6174652063616C6C656420726563FA
:10EE28007572736976656C790A0000007465726D95
:10EE3800696E6174652063616C6C656420616674D9
:10EE48006572207468726F77696E6720616E2069D9
:10EE58006E7374616E6365206F6620270000000082
:10EE6800270A00007465726D696E617465206361BC
:10EE78006C6C656420776974686F757420616E20A6
:10EE880061637469766520657863657074696F6E0F
:10EE98000A00000020207768617428293A202000A1
:10EEA80062617369635F737472696E673A3A5F533C
:10EEB8005F636F6E737472756374206E756C6C200B
:10EEC8006E6F742076616C6964000000626173691A
:10EED800635F737472696E673A3A5F535F63726512
:10EEE80061746500256400005F474C4F42414C5FE8
:10EEF8000000000028616E6F6E796D6F7573206E6B
:10EF0800616D657370616365290000006175746FD8
:10EF1800000000006465636C74797065286175741D
:10EF28006F290000737472696E67206C697465726A
:10EF3800616C0000737464006465636C7479706557
:10EF4800286E756C6C707472290000005B616269D0
:10EF58003A0000002C2000003A3A00007B64656605
:10EF680061756C7420617267230000007D3A3A0075
:10EF78006175746F3A00000074656D706C6174653A
:10EF880020706172616D65746572206F626A656375
:10EF98007420666F72200000696E697469616C691B
:10EFA8007A657220666F72206D6F64756C652000DB
:10EFB800767461626C6520666F7220005654542026
:10EFC800666F722000000000636F6E737472756361
:10EFD80074696F6E20767461626C6520666F72204A
:10EFE800000000002D696E2D000000007479706526
:10EFF800696E666F20666F72200000007479706514
:10F00800696E666F206E616D6520666F7220000004
:10F0180074797065696E666F20666E20666F7220FF
:10F02800000000006E6F6E2D7669727475616C2039
:10F038007468756E6B20746F20000000636F7661D2
:10F048007269616E742072657475726E2074687569
:10F058006E6B20746F2000006A61766120436C61DA
:10F06800737320666F722000677561726420766121
:10F07800726961626C6520666F722000544C53207F
:10F08800696E69742066756E6374696F6E20666F49
:10F0980072200000544C53207772617070657220A2
:10F0A80066756E6374696F6E20666F72200000006B
:10F0B8007265666572656E63652074656D706F72E2
:10F0C800617279202300000068696464656E2061BC
:10F0D8006C69617320666F72200000006E6F6E2D80
:10F0E8007472616E73616374696F6E20636C6F6EA6
:10F0F8006520666F722000006F70657261746F72B0
:10F10800000000006F70657261746F72200000006B
:10F118003E280000636C00006978000071750000EB
:10F12800203A20006E65772000000000756C000012
:10F138006C6C0000756C6C0066616C736500000097
:10F1480074727565000000006A61766120726573EB
:10F158006F757263652000006465636C747970650F
:10F16800202800002E2E2E0074686973000000000D
:10F178007B7061726D230000676C6F62616C206345
:10F188006F6E7374727563746F7273206B657965D3
:10F198006420746F20000000676C6F62616C2064EB
:10F1A800657374727563746F7273206B65796564C7
:10F1B80020746F20000000007B6C616D6264610048
:10F1C800292300007B756E6E616D6564207479700B
:10F1D80065230000205B636C6F6E652000000000F3
:10F1E8005B667269656E645D000000007479706525
:10F1F8006E616D650000000074656D706C6174650A
:10F208000000000020636C61737300002072657158
:10F218007569726573200000207265737472696382
:10F228007400000020766F6C6174696C65000000E2
:10F2380020636F6E73740000207472616E73616373
:10F2480074696F6E5F73616665000000206E6F659C
:10F258007863657074000000207468726F7700002E
:10F2680026260000205F436F6D706C6578000000F3
:10F27800205F496D6167696E617279003A3A2A00C8
:10F28800205F5F766563746F722800007468697325
:10F2980020000000282E2E2E000000002E2E2E29E1
:10F2A80000000000202E2E2E200000002454000014
:10F2B800244E0000245454007374643A3A616C6C10
:10F2C8006F6361746F720000616C6C6F6361746F5F
:10F2D800720000007374643A3A62617369635F7321
:10F2E8007472696E6700000062617369635F7374AA
:10F2F80072696E67000000007374643A3A7374723E
:10F30800696E67007374643A3A62617369635F7324
:10F318007472696E673C636861722C207374643A16
:10F328003A636861725F7472616974733C6368619F
:10F33800723E2C207374643A3A616C6C6F6361742A
:10F348006F723C636861723E203E00007374643AD9
:10F358003A6973747265616D000000007374643AF1
:10F368003A62617369635F6973747265616D3C6366
:10F378006861722C207374643A3A636861725F74CE
:10F3880072616974733C636861723E203E000000DC
:10F3980062617369635F6973747265616D0000000F
:10F3A8007374643A3A6F73747265616D000000009B
:10F3B8007374643A3A62617369635F6F73747265F8
:10F3C800616D3C636861722C207374643A3A6368B7
:10F3D80061725F7472616974733C636861723E2024
:10F3E8003E00000062617369635F6F7374726561E8
:10F3F8006D0000007374643A3A696F7374726561E2
:10F408006D0000007374643A3A62617369635F69FE
:10F418006F73747265616D3C636861722C207374DC
:10F42800643A3A636861725F7472616974733C63C9
:10F438006861723E203E000062617369635F696FB4
:10F4480073747265616D0000614E0000263D000016
:10F45800615300003D00000061610000616400002C
:10F4680026000000616E0000616C69676E6F66209F
:10F478000000000061770000636F5F617761697465
:10F4880020000000617A000063630000636F6E7300
:10F49800745F63617374000028290000636D0000C5
:10F4A8002C000000636F00007E000000645600001E
:10F4B8002F3D0000645800005B2E2E2E5D3D00009D
:10F4C8006461000064656C6574655B5D2000000024
:10F4D8006463000064796E616D69635F636173746E
:10F4E80000000000646500002A0000006469000054
:10F4F800646C000064656C657465200064730000CA
:10F508002E2A000064740000647600002F000000BA
:10F5180064780000654F00005E3D0000656F0000E4
:10F528005E000000657100003D3D0000664C000073
:10F5380066520000666C0000667200003E3D0000E6
:10F5480067730000677400005B5D00006C53000087
:10F558003C3C3D003C3D00006C6900006F706572EA
:10F5680061746F72222220006C7300003C3C000022
:10F578006C7400003C0000006D4900002D3D000047
:10F588006D4C00002A3D00006D6900002D00000050
:10F598006D6C00006D6D00002D2D00006E61000087
:10F5A8006E65775B5D0000006E650000213D000020
:10F5B8006E740000210000006E7700006E65770011
:10F5C8006E7800006E6F65786365707400000000E7
:10F5D8006F5200007C3D00006F6F00007C7C0000D3
:10F5E8007C000000704C00002B3D0000706C000097
:10F5F8002B000000706D00002D3E2A007070000086
:10F608002B2B000070730000707400002D3E00006A
:10F618003F000000724D0000253D000072530000BD
:10F628003E3E3D00726300007265696E74657270DB
:10F638007265745F6361737400000000726D00008E
:10F6480025000000727300003E3E00007350000069
:10F6580073697A656F662E2E2E000000735A0000BB
:10F66800736300007374617469635F63617374002A
:10F678003C3D3E0073697A656F662000737A00002E
:10F68800747200007468726F77000000747700006D
:10F698007468726F772000007369676E6564206311
:10F6A80068617200626F6F6C00000000626F6F6CBF
:10F6B80065616E00636861720000000062797465BC
:10F6C80000000000646F75626C6500006C6F6E6707
:10F6D80020646F75626C6500666C6F617400000071
:10F6E8005F5F666C6F61743132380000756E7369E4
:10F6F800676E65642063686172000000696E74005B
:10F70800756E7369676E656420696E740000000029
:10F71800756E7369676E656400000000756E7369C5
:10F72800676E6564206C6F6E670000005F5F696ECE
:10F738007431323800000000756E7369676E656455
:10F74800205F5F696E7431323800000073686F7231
:10F7580074000000756E7369676E65642073686F66
:10F7680072740000766F6964000000007763686156
:10F77800725F74006C6F6E67206C6F6E67000000BC
:10F78800756E7369676E6564206C6F6E67206C6F49
:10F798006E670000646563696D616C333200000058
:10F7A800646563696D616C36340000006465636983
:10F7B8006D616C313238000068616C6600000000D1
:10F7C80063686172385F74006368617231365F74B0
:10F7D800000000006368617233325F74000000004B
:10F7E8005F466C6F617400007374643A3A62666CC9
:10F7F8006F617431365F74005375636365737300AA
:10F808004E6F74206F776E65720000004E6F207324
:10F818007563682066696C65206F7220646972651B
:10F8280063746F72790000004E6F207375636820EF
:10F8380070726F6365737300496E74657272757068
:10F848007465642073797374656D2063616C6C00F2
:10F85800492F4F206572726F720000004E6F20733F
:10F8680075636820646576696365206F72206164DA
:10F878006472657373000000417267206C69737469
:10F8880020746F6F206C6F6E6700000045786563A9
:10F8980020666F726D6174206572726F720000006D
:10F8A800536F636B657420616C7265616479206362
:10F8B8006F6E6E65637465640000000042616420C9
:10F8C80066696C65206E756D626572004E6F2063A7
:10F8D80068696C6472656E0044657374696E6174FE
:10F8E800696F6E20616464726573732072657175E7
:10F8F80069726564000000004E6F206D6F726520AC
:10F9080070726F6365737365730000004E6F7420C7
:10F91800656E6F756768207370616365000000002D
:10F928005065726D697373696F6E2064656E696581
:10F93800640000004261642061646472657373004E
:10F94800446576696365206F72207265736F75729E
:10F95800636520627573790046696C65206578690E
:10F968007374730043726F73732D6465766963658E
:10F97800206C696E6B0000004E6F20737563682001
:10F9880064657669636500004E6F74206120646960
:10F99800726563746F727900486F7374206973209D
:10F9A800646F776E00000000436F6E6E6563746964
:10F9B8006F6E20616C726561647920696E20707267
:10F9C8006F67726573730000497320612064697200
:10F9D8006563746F72790000496E76616C696420A2
:10F9E800617267756D656E74000000004E6574770E
:10F9F8006F726B20696E74657266616365206973E6
:10FA0800206E6F7420636F6E666967757265640037
:10FA1800436F6E6E656374696F6E2061626F727496
:10FA28006564206279206E6574776F726B000000E0
:10FA3800546F6F206D616E79206F70656E206669F6
:10FA48006C657320696E2073797374656D000000AE
:10FA580046696C652064657363726970746F72209F
:10FA680076616C756520746F6F206C6172676500D4
:10FA78004E6F7420612063686172616374657220DF
:10FA88006465766963650000546578742066696CFE
:10FA9800652062757379000046696C6520746F6F24
:10FAA800206C617267650000486F73742069732069
:10FAB800756E726561636861626C65004E6F207374
:10FAC80070616365206C656674206F6E206465766E
:10FAD800696365004E6F7420737570706F7274651A
:10FAE80064000000496C6C6567616C207365656B28
:10FAF80000000000526561642D6F6E6C79206669A4
:10FB08006C652073797374656D000000546F6F2005
:10FB18006D616E79206C696E6B73000042726F6B59
:10FB2800656E2070697065004D617468656D6174FB
:10FB380069637320617267756D656E74206F757483
:10FB4800206F6620646F6D61696E206F6620667530
:10FB58006E6374696F6E0000526573756C742074FF
:10FB68006F6F206C61726765000000004E6F206D3A
:10FB7800657373616765206F662064657369726574
:10FB880064207479706500004964656E74696669FB
:10FB980065722072656D6F7665640000496C6C65EE
:10FBA80067616C20627974652073657175656E6331
:10FBB80065000000446561646C6F636B00000000C1
:10FBC8004E6574776F726B20697320756E7265610C
:10FBD800636861626C6500004E6F206C6F636B0038
:10FBE8004E6F7420612073747265616D00000000AF
:10FBF80053747265616D20696F63746C2074696DEC
:10FC0800656F7574000000004E6F20737472656133
:10FC18006D207265736F75726365730056697274CF
:10FC280075616C20636972637569742069732067F4
:10FC38006F6E650050726F746F636F6C20657272BF
:10FC48006F720000556E6B6E6F776E2070726F74F6
:10FC58006F636F6C000000004D756C7469686F709D
:10FC680020617474656D707465640000426164207D
:10FC78006D6573736167650046756E6374696F6E51
:10FC8800206E6F7420696D706C656D656E74656447
:10FC9800000000004469726563746F7279206E6FAA
:10FCA8007420656D7074790046696C65206F7220E8
:10FCB80070617468206E616D6520746F6F206C6F61
:10FCC8006E670000546F6F206D616E792073796DD7
:10FCD800626F6C6963206C696E6B73004E6F206293
:10FCE8007566666572207370616365206176616907
:10FCF8006C61626C650000004E6F20646174610085
:10FD0800416464726573732066616D696C79206EF5
:10FD18006F7420737570706F7274656420627920D7
:10FD280070726F746F636F6C2066616D696C7900B7
:10FD380050726F746F636F6C2077726F6E67207488
:10FD480079706520666F7220736F636B657400004D
:10FD5800536F636B6574206F7065726174696F6E41
:10FD6800206F6E206E6F6E2D736F636B657400006D
:10FD780050726F746F636F6C206E6F742061766160
:10FD8800696C61626C650000436F6E6E65637469CF
:10FD98006F6E20726566757365640000436F6E6EE2
:10FDA800656374696F6E207265736574206279206B
:10FDB80070656572000000004164647265737320A9
:10FDC800616C726561647920696E207573650000E5
:10FDD80041646472657373206E6F74206176616923
:10FDE8006C61626C65000000536F667477617265C0
:10FDF8002063617573656420636F6E6E65637469F3
:10FE08006F6E2061626F727400000000536F636B45
:10FE18006574206973206E6F7420636F6E6E6563FE
:10FE280074656400536F636B657420697320616C3B
:10FE3800726561647920636F6E6E656374656400D2
:10FE48004F7065726174696F6E2063616E63656C73
:10FE5800656400005374617465206E6F7420726568
:10FE6800636F76657261626C65000000507265763A
:10FE7800696F7573206F776E6572206469656400B9
:10FE88004F7065726174696F6E206E6F7420737540
:10FE980070706F72746564206F6E20736F636B652A
:10FEA8007400000056616C756520746F6F206C617A
:10FEB80072676520666F7220646566696E65642086
:10FEC8006461746120747970650000004D65737316
:10FED80061676520746F6F206C6F6E6700000000AB
:10FEE800436F6E6E656374696F6E2074696D6564C7
:10FEF800206F757400000000FFFFFFFFFFFFFF7F0A
:10FF0800000000000000000006005250D3F07542C7
:10FF1800CCEC001006005250E182887FD4EC00102F
:10FF2800060052503ABCA911E4EC001006005250E9
:10FF3800ABB36053E8EC001006005250BBFF3CB670
:10FF4800F0EC001006005250861C0302F8EC00107A
:10FF5800060052505422A29D04ED00100500525094
:10FF6800DE65F468502B0110000000000000F03F2F
:10FF7800000000000000244000000000000059407C
:10FF88000000000000408F40000000000088C340CF
:10FF980000000000006AF8400000000080842E4144
:10FFA80000000000D01263410000000084D7974190
:10FFB8000000000065CDCD410D0A00004E5374339A
:10FFC8005F563231346572726F725F636174656750
:10FFD8006F7279450000000014010110C4FF001081
:10FFE8005374313273797374656D5F6572726F72B1
:08FFF8000000000014020110DA
:020000041001E9
:10000000E8FF0010A00201101402011014000110FA
:10001000E0FF00102A4E31325F474C4F42414C5FA7
:100020005F4E5F31323267656E657269635F65721C
:10003000726F725F63617465676F7279450000006B
:10004000140201104C000110E0FF00102A4E313262
:100050005F474C4F42414C5F5F4E5F3132317379A5
:100060007374656D5F6572726F725F6361746567EB
:100070006F7279450000000000000000FCFF0010D6
:10008000A13C0010B53C0010A54D00100000000080
:10009000080001102D3B0010893C00100D3B0010A2
:1000A000D13C0010E93B0010C13B0010153B001093
:1000B000C93B00100000000040000110BD3B0010D3
:1000C000953C0010313B0010D13C0010E93B001082
:1000D000393B0010053D0010C93B00104E31305F28
:1000E0005F637878616269763131375F5F636C6135
:1000F00073735F747970655F696E666F45000000A9
:1001000014020110DC000110480201100000000080
:1001100000010110193E00102D3E00106D4C001022
:100120006D4C0010A93E0010D53D00108D3E001012
:10013000493E00100D3E00105374396578636570B8
:1001400074696F6E00000000140101103801011085
:10015000537431336261645F657863657074696F8D
:100160006E0000001402011050010110480101103E
:100170004E31305F5F637878616269763131355F27
:100180005F666F726365645F756E77696E64450064
:1001900014010110700101104E31305F5F637878F7
:1001A000616269763131395F5F666F726569676E6A
:1001B0005F657863657074696F6E450014010110A6
:1001C000980101100000000064010110914300102B
:1001D0009D430010954300104E31305F5F63787887
:1001E000616269763132305F5F73695F636C61733E
:1001F000735F747970655F696E666F45000000001B
:1002000014020110D80101100001011000000000CB
:10021000000201104D4B0010614B00106D4C00109E
:100220006D4C0010A93E0010D53D00103D4C001053
:10023000B94B00107D4B0010537439747970655FB1
:10024000696E666F00000000140101103802011091
:10025000537431316C6F6769635F6572726F7200DE
:100260001402011050020110480101105374313280
:100270006C656E6774685F6572726F720000000073
:10028000140201106C02011060020110537431332A
:1002900072756E74696D655F6572726F72000000D1
:1002A000140201108C02011048010110000000002E
:1002B00060020110A94D0010B14E0010A54D0010B4
:1002C0000000000080020110714E0010F94E001075
:1002D000A54D001000000000A0020110E94D001023
:1002E000294E0010A54D0010B4F20010B8F2001015
:1002F000BCF20010740000003CEF0010030000008E
:100300003CEF0010030000000000000000000000AF
:1003100061000000C0F200100E000000C0F20010EA
:100320000E000000D0F20010090000006200000082
:10033000DCF2001011000000DCF2001011000000DF
:10034000F0F200100C0000007300000000F3001039
:100350000B0000000CF3001046000000F0F200104B
:100360000C0000006900000054F300100C000000B5
:1003700064F300103100000098F300100D0000003D
:100380006F000000A8F300100C000000B8F300108C
:1003900031000000ECF300100D00000064000000CC
:1003A000FCF300100D0000000CF4001032000000FF
:1003B00040F400100E00000050F4001054F400103F
:1003C000020000000200000058F400105CF400106D
:1003D000010000000200000060F4001068F200104C
:1003E000020000000200000064F4001068F4001035
:1003F00001000000010000006CF4001068F400101F
:100400000100000002000000ECF7001070F4001082
:1004100008000000010000007CF4001080F40010CF
:1004200009000000010000008CF4001070F40010BE
:10043000080000000100000090F4001094F4001087
:100440000A000000020000001CF10010A0F40010DF
:100450000200000002000000A4F40010A8F4001044
:100460000100000002000000ACF40010B0F4001025
:100470000100000001000000B4F40010B8F4001006
:100480000200000002000000BCF40010C0F40010E4
:100490000600000003000000C8F40010CCF40010B7
:1004A0000900000001000000D8F40010DCF4001086
:1004B0000C00000002000000ECF40010F0F400104A
:1004C0000100000001000000F4F400105CF40010D2
:1004D0000100000002000000F8F40010FCF400101D
:1004E000070000000100000004F5001008F50010EE
:1004F00002000000020000000CF5001060F6001081
:10050000010000000200000010F5001014F50010BA
:10051000010000000200000018F50010C4F40010F3
:1005200002000000020000001CF5001020F5001081
:10053000020000000200000024F5001028F5001061
:1005400001000000020000002CF5001030F5001042
:10055000020000000200000034F500106CF10010F1
:10056000030000000300000038F500106CF10010DB
:1005700003000000030000003CF500106CF10010C7
:10058000030000000200000040F500106CF10010B4
:100590000300000002000000ACFA001044F5001057
:1005A000020000000200000048F5001060EF00109B
:1005B00002000000010000004CF5001094F3001050
:1005C000010000000200000020F1001050F50010B2
:1005D000020000000200000054F5001058F5001061
:1005E0000300000002000000DCFB00105CF50010BE
:1005F000020000000200000060F5001064F5001029
:100600000B0000000100000070F5001074F50010F0
:10061000020000000200000078F500107CF50010D8
:10062000010000000200000080F5001084F50010B9
:10063000020000000200000088F500108CF5001098
:10064000020000000200000090F5001094F5001078
:10065000010000000200000098F50010F0F4001006
:1006600001000000020000009CF50010A0F5001041
:100670000200000001000000A4F50010A8F5001021
:100680000500000003000000B0F50010B4F50010F4
:10069000020000000200000098F7001094F500101E
:1006A0000100000001000000B8F50010BCF50010CA
:1006B0000100000001000000C0F50010C4F50010AA
:1006C0000300000003000000C8F50010CCF5001086
:1006D0000800000001000000D8F50010DCF5001053
:1006E0000200000002000000E0F50010E4F5001038
:1006F000020000000200000048FC0010E8F50010B5
:100700000100000002000000ECF50010F0F5001000
:100710000200000002000000F4F50010F8F50010DF
:100720000100000002000000FCF5001000F60010BF
:10073000030000000200000004F6001008F600109C
:1007400002000000010000000CF60010F8F5001097
:10075000010000000100000010F6001014F6001067
:10076000020000000200000024F1001018F6001042
:1007700001000000030000001CF6001020F600102D
:10078000020000000200000024F6001028F600100D
:1007900003000000020000002CF6001030F60010EC
:1007A000100000000200000044F6001048F600109F
:1007B00001000000020000004CF6001050F600108E
:1007C000020000000200000054F6001058F600106D
:1007D000090000000100000064F6001058F6001047
:1007E000090000000100000068F600106CF600101F
:1007F0000B0000000200000010F2001078F600105C
:1008000003000000020000009CF400107CF60010C1
:10081000070000000100000084F600107CF60010C4
:10082000070000000100000088F600108CF60010A0
:10083000050000000000000094F6001098F600107B
:1008400006000000010000000000000000000000A1
:100850000000000000000000A0F600100B000000E7
:10086000A0F600100B00000000000000ACF6001025
:1008700004000000B4F600100700000007000000AC
:10088000BCF6001004000000C4F6001004000000D4
:1008900000000000CCF6001006000000CCF60010AE
:1008A0000600000008000000D4F600100B00000055
:1008B000D4F600100B00000008000000E0F6001065
:1008C00005000000E0F60010050000000800000030
:1008D000E8F600100A000000E8F600100A00000028
:1008E00008000000F4F600100D000000F4F60010FF
:1008F0000D0000000000000004F7001003000000DD
:1009000004F70010030000000100000008F70010C9
:100910000C00000018F700100800000002000000A2
:1009200000000000000000000000000000000000C7
:1009300000000000E0FE001004000000E0FE0010D7
:10094000040000000300000024F700100D00000068
:1009500024F700100D0000000400000034F7001020
:100960000800000034F7001008000000000000003C
:1009700040F700101100000040F7001011000000C7
:100980000000000000000000000000000000000067
:100990000000000000000000000000000000000057
:1009A0000000000000000000000000000000000047
:1009B0000000000000000000000000000000000037
:1009C00054F700100500000054F700100500000067
:1009D000000000005CF700100E0000005CF7001043
:1009E0000E000000000000000000000000000000F9
:1009F0000000000000000000000000006CF7001084
:100A0000040000006CF70010040000000900000062
:100A100074F7001007000000BCF60010040000008E
:100A2000000000007CF7001009000000E0FE00104C
:100A3000040000000500000088F70010120000000C
:100A400088F7001012000000060000006CF1001092
:100A5000030000006CF10010030000000000000023
:100A60009CF70010090000009CF70010090000002E
:100A700000000000A8F7001009000000A8F700100F
:100A80000900000000000000B4F700100A00000098
:100A9000B4F700100A00000000000000C0F70010CA
:100AA00004000000C0F7001004000000080000006F
:100AB000C8F7001007000000C8F70010070000008A
:100AC00000000000D0F7001008000000D0F7001070
:100AD0000800000000000000DCF700100800000023
:100AE000DCF70010080000000000000040EF0010DC
:100AF0001100000040EF0010110000000000000095
:100B0000E8F7001006000000E8F7001006000000FB
:100B100008000000F0F700100F000000F0F70010D0
:100B20000F000000080000000020202020202020CE
:100B3000202028282828282020202020202020208D
:100B4000202020202020202020881010101010109D
:100B500010101010101010101004040404040404E9
:100B60000404041010101010101041414141414183
:100B70000101010101010101010101010101010165
:100B80000101010110101010101042424242424275
:100B90000202020202020202020202020202020235
:100BA00002020202101010102000000000000000DD
:100BB0000000000000000000000000000000000035
:100BC0000000000000000000000000000000000025
:100BD0000000000000000000000000000000000015
:100BE0000000000000000000000000000000000005
:100BF00000000000000000000000000000000000F5
:100C000000000000000000000000000000000000E4
:100C100000000000000000000000000000000000D4
:0C0C2000000000000000000000000000C8
:100C2C002539FF7FB0B0A800FFFF01080E041C009F
:100C3C00180E00001139FF7FB0B0A800FFFF0108AB
:100C4C000E041C00180E0000FD38FF7FB0AD16001E
:100C5C00FFFF01191A0200002804EA01006204E8EF
:100C6C000100900104EC0100FE01040000000000F2
:100C7C00D538FF7FB0AA0300FFFF01094A049A018F
:100C8C00005450000000000008B10181B0B0008495
:100C9C0000000000B138FF7FB0AD0400FFFF010F72
:100CAC003C048601004C049001008C0104000000FF
:100CBC009538FF7FB0A80500FFFF010C0C02000067
:100CCC0014042A00300400007D38FF7FA908B1000D
:100CDC00FFFF010008B10181B0B0008400000000EA
:100CEC006538FF7FB0AF1800FF1019011122EE0517
:100CFC000000F00604EE0801FE06FC0100000100F5
:100D0C00000000004138FF7F8408B101B0B0B00092
:100D1C00FF100D0104020608010100000000000094
:100D2C0008B10181B0B000840000000008B101815D
:100D3C00B0B00084000000000D38FF7FB0AA0100A5
:100D4C00FF10290118303000006A049E0103702E38
:100D5C000000BA0118E20100DC010E0000020001E3
:100D6C007D00000000000000D4F3FFFFD937FF7FA7
:100D7C00B0AB0200FFFF010C1C0460006604000015
:100D8C006C046000C137FF7FB0B0A800FFFF010802
:100D9C000E0416001C040000AD37FF7FB0AF02003C
:100DAC00FF1019010F320A3C01840136C00100C842
:100DBC0001040000010000000000000008B10181E6
:100DCC00B0B000840000000008B10181B0B0008414
:100DDC000000000008B10181B0B0008400000000E8
:100DEC00E427FF7F3CFEFF7F0C28FF7F48FEFF7F40
:100DFC003428FF7F54FEFF7F3829FF7F010000005D
:100E0C006029FF7F6CFEFF7F102AFF7F010000002E
:100E1C000C2AFF7F74FEFF7F542AFF7F0100000025
:100E2C005C2AFF7FB0AF0280FC2AFF7FB0AA018052
:100E3C00482BFF7F01000000082CFF7FB0AE018023
:100E4C00C02CFF7F01000000942DFF7F48FEFF7F28
:100E5C002C2EFF7F010000006C2EFF7F54FEFF7FC5
:100E6C00982EFF7F01000000602FFF7FB0AA038047
:100E7C00902FFF7F010000008032FF7FB0AB02801B
:100E8C002833FF7F01000000F433FF7F3CFEFF7F1F
:100E9C006834FF7F010000001835FF7FB0B0AA80D6
:100EAC00D035FF7F30FEFF7F0C36FF7FAB08B18063
:100EBC009436FF7F2CFEFF7F103BFF7F48FEFF7FA9
:100ECC00183BFF7F01000000203BFF7F54FEFF7F9B
:100EDC00203BFF7F58FEFF7F283BFF7F0100000077
:100EEC00383BFF7FB0B0A8806C3BFF7F0100000057
:100EFC00A83BFF7FB0B0AA80D83BFF7FB0B0A880E2
:100F0C00403CFF7F01000000283DFF7FB0B0AC806B
:100F1C004C3DFF7F01000000783DFF7F1CFEFF7FF2
:100F2C00783EFF7F010000000C40FF7F40FEFF7FFA
:100F3C008440FF7FB0B0A8809040FF7FB0AB0280B0
:100F4C00F440FF7FB0B0A8804041FF7F010000005B
:100F5C003C41FF7F30FEFF7F5841FF7F01000000C6
:100F6C00E8B1FF7F34FEFF7FB8B2FF7F01000000C5
:100F7C0058F7FE0FB0A90280E8F7FE0FB0B0A880BA
:100F8C0038F8FE0F0100000040F8FE0FB0B0AA8048
:100F9C0078F8FE0FAF76B2804CF9FE0FAB3F3A807B
:100FAC00B0F9FE0F01000000BCF9FE0FB0B0AA8032
:100FBC00F8F9FE0F08FEFF7F10FAFE0F010000008B
:100FCC00B0FAFE0FAC0FB28030FBFE0FB0AF088052
:100FDC00D4FDFE0F01000000E4FDFE0FAC3F0380CA
:100FEC00E400FF0F01000000C402FF0FB0A8038053
:100FFC00D402FF0F01000000D002FF0FB0AD04803F
:10100C00D005FF0FB0A80380F405FF0FBCFDFF7FD8
:10101C00F805FF0FC0FDFF7F0406FF0F0100000065
:10102C0010FF00101CFF001028FF001034FF0010F0
:10103C0040FF00104CFF001058FF001064FF001020
:10104C004FF050412DE9F0410027044616461D464D
:10105C00D1F8008008E0C1E88F7F8CF3108830460F
:10106C00294601F089FAE8B92168EFF3108C72B6C1
:10107C00D1E8CF2F0123002AFAD1C1E8423F002A40
:10108C00F6D1BFF35F8F94F904302168002BE2DABC
:10109C00002384F80480C1E88F3F8CF31088012072
:1010AC00BDE8F0810020BDE8F08100BF30B50468D8
:1010BC00EFF3108C72B6D4E8CFEF0125BEF1000F20
:1010CC00F9D1C4E84E5FBEF1000FF4D1BFF35F8FCE
:1010DC0090F904400568002C10DB0021C5E88F1F37
:1010EC008CF310884FF0504595F90050A54201D172
:1010FC00084630BDBDE83040FFF7A2BF4FF050426C
:10110C00126800230271C5E88F3F8CF31088012010
:10111C0030BD00BF0368EFF3108272B6D3E8CFCFB7
:10112C000121BCF1000FF9D1C3E84C1FBCF1000F39
:10113C00F4D1BFF35F8F4FF0FF0C0023016880F8F0
:10114C0004C0C1E88F3F82F3108840BF704700BFD6
:10115C007BB972B90029BEBF00204FF0004106E0F8
:10116C0008BF00281CBF6FF000414FF0FF3001F0AA
:10117C00F9B9ADF1080C6DE904CE002909DB002B9F
:10118C001ADB00F04DF8DDF804E0DDE9022304B0D1
:10119C007047404261EB4101002B1BDB00F040F833
:1011AC00DDF804E0DDE9022304B0404261EB4101CB
:1011BC00524263EB43037047524263EB430300F02C
:1011CC002FF8DDF804E0DDE9022304B0404261EBC6
:1011DC0041017047524263EB430300F021F8DDF804
:1011EC0004E0DDE9022304B0524263EB4303704791
:1011FC0053B94AB9002908BF00281CBF4FF0FF3172
:10120C004FF0FF3001F0AEB9ADF1080C6DE904CE32
:10121C0000F006F8DDF804E0DDE9022304B07047C5
:10122C002DE9F04F8C46099E04460F46002B48D101
:10123C008A4215465ED9B2FA82F33BB1C3F1200261
:10124C009F409D409C4020FA02F217434FEA154EF6
:10125C001FFA85FC220CB7FBFEF10EFB117701FB8C
:10126C000CF042EA0742904207D9AA1801F1FF3765
:10127C0002D2904200F258813946121AA4B2B2FB43
:10128C00FEF00EFB102200FB0CFC44EA0244A445C9
:10129C000BD92C1900F1FF322CBF01270027A445D4
:1012AC0002D9002F00F04381104640EA0140A4EB24
:1012BC000C0400211EB1DC400023C6E90043BDE84C
:1012CC00F08F8B4206D90EB1C6E900010021084609
:1012DC00BDE8F08FB3FA83F1002951D16345C0F01A
:1012EC001681824240F213810846002EE7D0C6E9EF
:1012FC000047E4E7002A00F0AF80B2FA82F3002B3B
:10130C0040F0C2808A1A4FEA154EAFB20121200C70
:10131C00B2FBFEFC0EFB1C2240EA024207FB0CF067
:10132C0090420ED9AA180CF1FF382CBF4FF00109CE
:10133C004FF00009904203D9B9F1000F00F0F08092
:10134C00C446121AA4B2B2FBFEF00EFB102200FB34
:10135C0007F744EA0244A7420ED92C1900F1FF32D8
:10136C002CBF4FF0010E4FF0000EA74203D9BEF177
:10137C00000F00F0D2801046E41B40EA0C4099E7C5
:10138C00C1F120058B400CFA01F400FA01F922FAA4
:10139C0005F72CFA05FC8A401F4320FA05F3380C9C
:1013AC0023431FFA87FE1C0CBCFBF0F800FB18CC87
:1013BC0044EA0C4408FB0EFCA4450ED93C1908F178
:1013CC00FF3A2CBF4FF0010B4FF0000BA44503D993
:1013DC00BBF1000F00F0B880D046A4EB0C041FFA50
:1013EC0083FCB4FBF0F300FB134403FB0EFE4CEA4E
:1013FC000444A6450ED93C1903F1FF302CBF4FF025
:10140C00010C4FF0000CA64503D9BCF1000F00F005
:10141C009F80034643EA0840A4EB0E04A0FB02ECB9
:10142C0064457346E04602D307D1F14505D2BEEBC5
:10143C0002036CEB070C0138E0465EB1B9EB03021A
:10144C0064EB080404FA05F522FA01F3CC401D43C1
:10145C00C6E90054002132E742082F464B08AC463F
:10146C0042EAC172AE46C407110C92B241EA034182
:10147C0042EA0142B1FBF5F1B3FBF5F01F23A2EBFD
:10148C000C0241EA004142E79D40C3F12002994021
:10149C009C402CFA02FC4FEA154E20FA02F2AFB235
:1014AC00BCFBFEF80A430EFB18CC110C41EA0C41B4
:1014BC0008FB07FC8C4550D9691808F1FF302CBF8C
:1014CC004FF001094FF000098C4502D9B9F1000F1A
:1014DC0030D0A1EB0C01B1FBFEF808FB07FC0EFBB6
:1014EC00181192B242EA0142624534D2AA1808F1AC
:1014FC00FF312CBF4FF001094FF000096245BED2FD
:10150C00B9F1000FBBD1A8F102012A44B7E7841A44
:10151C006CEB030201201746E7E62C4402382BE75C
:10152C00ACF1020C2A440CE702392A44A5E62C44FF
:10153C000238BAE6A5EB0C0CA8F102006144B1FB31
:10154C00FEF808FB07FCCAE7A8F102083C4444E794
:10155C00023B3C445EE7414691E7A1EB0C0140465F
:10156C00B1FBFEF808FB07FCB9E700BF03685A00A3
:10157C004CBF43F0004323F000431844704700BFB6
:10158C002DE9F04729B301F1FF3A80469146002539
:10159C005646A91948BF0131491008EBC107CC00C8
:1015AC003846FFF7E3FF8A450DD00834484508EB71
:1015BC0004000AD8FFF7DAFF01384D1C4845E8D380
:1015CC003846BDE8F0874845FAD98D4201F1FF361F
:1015DC00DFD100273846BDE8F08700BF012806D0D0
:1015EC00022802D028B904487047044870470448C0
:1015FC0070470020704700BFB10D0020C10D0020C6
:10160C00B90D0020224B30B5044683B08D1E43B378
:10161C0001A92846AFF30080F0B101992A46FFF7E3
:10162C00AFFF0146C0B1FFF7A1FF4B68A064012BCF
:10163C002AD0002B01F1040024DBFFF797FF0023D5
:10164C0023650368E064002B11DBFFF78FFF034673
:10165C000020236103B030BD00230920236103B0B7
:10166C0030BD0C480C49091AC9100191D6E7C3F3D7
:10167C000360FFF7B3FF031E0CBF0920002023619A
:10168C0003B030BD0123DBE700230520E1E700BFF9
:10169C0000000000EC0D01102C1001100368DA079B
:1016AC0010B5044606D49B0700F1500009D500F094
:1016BC00BBFC2368590709D51A070ED5DB0613D5D1
:1016CC0010BD00F0A9FC23685907F5D404F1D8002B
:1016DC0000F0B2FC23681A07F0D404F5AC7000F0EB
:1016EC00B3FC2368DB06EBD404F5EC70BDE81040CA
:1016FC0000F0EEBC0346006800B11844704700BF10
:10170C00704700BF70B504460E46316C2046FFF79B
:10171C0079FF054698B9D6F840C032462369214670
:10172C000120C4F814C098470828EED0072806D129
:10173C002846316CFFF7E4FF301D00F061FC00F02F
:10174C0017FF00BF2DE9F04F0F1DADF5777DD0F8D9
:10175C000C900646D0F818A014460DF10C0C02ADF6
:10176C004FF0000E0DF5F8780FCFACE80F000FCF4F
:10177C00ACE80F000FCFACE80F0097E80F00C5F8EE
:10178C0000E08CE80F0021E02B6C4FF4F47229463A
:10179C004046736100F0E8FE3369424631465846D4
:1017AC0098472146D8F83840074633463246AC6451
:1017BC000120CDE9005AC847044618BB4FF4F47217
:1017CC004146284600F0D0FE082F19D10934296C67
:1017DC003046FFF717FF07465FFA84FB0028D3D08B
:1017EC00AC6B334632464BF01001AC640120CDE9B2
:1017FC00005AC84730B938460DF5777DBDE8F08FF3
:10180C00072F05D0092738460DF5777DBDE8F08FF9
:10181C002046296CFFF774FF03A800F0F1FB00BF12
:10182C00F0B5CB6BFBB001F1040C0F460B6401ACB3
:10183C0005464FF0FF3E6E46BCE80F000FC4BCE8F7
:10184C000F000FC4BCE80F000FC49CE80F00CDF8CC
:10185C0000E084E80F0006E02B69324629469847E1
:10186C000828044608D1316C2846FFF7CBFE002827
:10187C00F2D009207BB0F0BD3046FFF70FFF062CED
:10188C00F7D139462846FFF73DFF00BF10B4DC6B9B
:10189C00C1601946826100221C6410BCFFF752BF64
:1018AC0070B54369C6680B64AEB903690A46044651
:1018BC000D46014602209847072805D008280FD16D
:1018CC0029462046FFF71EFF3046296CFFF718FF0C
:1018DC00281D00F095FB0122FFF734FF00F048FEB5
:1018EC0000F046FEC26808B542B1D1F83CC00022F7
:1018FC00BDE80840C1F840C0FFF724BFFFF790FFD8
:10190C00092008BD704700BF836801460BB1012058
:10191C0018477047052915D8DFE801F00A031403AE
:10192C00030501207047436C0020009A1360704738
:10193C0043B90F2A06D800EB820200205368009AA4
:10194C00136070470220704710B584B000230A461C
:10195C0003AC19460094FFF7DDFF039804B010BDEB
:10196C00052915D8DFE801F00A031403030501204B
:10197C007047009B1B6843640020704743B90F2AD3
:10198C0006D8009B00EB820200201B685360704756
:10199C000220704710B584B0002303AC03920A46B2
:1019AC0019460094FFF7DCFF04B010BD2DE9F0419F
:1019BC00D36BADF5107D141D804613640DF15C0CDA
:1019CC000F4616AD4FF0FF3E6E460FCCACE80F0045
:1019DC000FCCACE80F000FCCACE80F0094E80F0074
:1019EC00C5F800E08CE80F0010E0FFF7D3FF394694
:1019FC002846C04703462A463146082083B9336936
:101A0C009847052804460CD009280AD0296C304682
:101A1C00FFF7F8FD034632460C212846002BE4D094
:101A2C0009242846FFF73AFE20460DF5107DBDE847
:101A3C00F08100BF2DE9F04F1646CA6C89B00D46F7
:101A4C0052F8041B00F0030C0692E3B10C0C0904D1
:101A5C008DF81D40E4B20591022102EB8402BCF129
:101A6C00020F8DF81C10296D08BFAA6B11F001082C
:101A7C000FD005A9304600F0C5FB002861D1082025
:101A8C0009B0BDE8F08F09028DF81D3005910321D6
:101A9C00E5E71768002FECD000F00801BB469A462A
:101AAC0067460191CDF80880BAF1020F4DD0B2F81B
:101ABC0000B002F10409548824F00102AB6C6400FC
:101ACC000F2102EB03083046FFF73EFF04F002043F
:101ADC000BF00103804543EA04032CD82BF0010BD7
:101AEC00012BC34468D0022B41D053BB17B18345A3
:101AFC0000F2D08009F10402D2F800B0BBF1000F63
:101B0C00D2D105A93046DDF8088000F07BFBC0B9C6
:101B1C00B8F1000FB3D00F213046FFF715FF0E219F
:101B2C0002463046FFF736FF6C4A0F213046FFF76E
:101B3C0031FF0720A4E7012B3AD0022B09D0002B50
:101B4C00D8D0092009B0BDE8F08F546802F108091B
:101B5C00B2E7D9F8004024F0004877B9002C01DA3C
:101B6C0009F1040908F1010309EB8302C4E7D9F870
:101B7C00004024F00048002F61D0D5F820B00D2192
:101B8C003046FFF7E1FE8345E8D1AA6A9145E5D1DD
:101B9C0000240422C5F82880C5E90B424A446A6334
:101BAC00D9F80020A242C0F2938001230293D9E716
:101BBC001FB909F108029FE7BFB12C6A0D2130460D
:101BCC00FFF7C2FE8442F4D1AB6A9945F1D1484685
:101BDC00FFF7CCFC0F2102463046FFF7DBFE2A460E
:101BEC0000213046FFF7D6FEA3E78345E1D9D9F8AB
:101BFC000430D9F80020991C4FEAD272A1D005F11B
:101C0C005804013304945CD009F10400FFF772FD11
:101C1C0004AB0146284600F0B7FC0028C9D00446A6
:101C2C000D213046049EFFF78FFE022C286202D154
:101C3C00EE6205F12C060620C5E9096920E783450B
:101C4C008CD9019B13B1B8F1000F87D105F1580362
:101C5C00039709F1040B00241F460CE058460022A0
:101C6C000497FFF747FD04AB014628460BF1040B24
:101C7C0000F08AFC08BB444504F10104EED10D21AF
:101C8C003046FFF761FE049B024606202A62C5E936
:101C9C000939F5E64846FFF769FC09F104020446E8
:101CAC002846AA6300F06CFC00283FF44AAF224699
:101CBC000F213046FFF76EFE3BE7039FD9F800403B
:101CCC004CE730460D21FFF73FFE26462862B2E76F
:101CDC0008F1010209EB82007AE700BF55C1001040
:101CEC000023FFF7A7BE00BF0123FFF7A3BE00BF71
:101CFC000223FFF79FBE00BF2DE9F0410546C4B09B
:101D0C001446052904D8DFE801F0122B036B910768
:101D1C00022044B0BDE8F081836B002CF8D153F85D
:101D2C00042B42648363002044B0BDE8F081002B97
:101D3C00EED11FFA84FC806B01262F1D06FA03F1ED
:101D4C00024611EA0C0F04D052F8041B104647F857
:101D5C0023100133102BF1D1A404E4D4A863E2E7DF
:101D6C0003F0FB02260CA4B2012AD1D1012B06EB05
:101D7C00040200F0B880202ACAD80F2E7BD9002C80
:101D8C00D1D002680193510700F10B8102AF3846A4
:101D9C0000F056F9D5F838C0019B102E31464FEAA9
:101DAC004404604638BF102104F1FF3E07EBC1012B
:101DBC007246843950F8044B013A41F8044F541CD4
:101DCC00F8D10CF1040C012B0CEB8E0200F0C3804B
:101DDC000F2EAA6340F2C880384600F02DF9A2E716
:101DEC00032B95D11FFA84F8260C08EB1444102C05
:101DFC008ED80368180700F19B8022AF384600F09C
:101E0C0045F9AC6B4FEA480107EBC6034A1E41B1DA
:101E1C00E01A1958013A43F8041B511CF9D104EB90
:101E2C00C8043846AC6300F00FF97CE7002B7FF454
:101E3C006FAF102C3FF66CAF0368DA0670D422AF8C
:101E4C00384600F04FF9AE6B394600234FF0010CC9
:101E5C000CFA03F230460133224203D050F8042B23
:101E6C0006460A60042B01F10401F1D13846AE6339
:101E7C0000F02EF957E7102A40F29A802968A2F157
:101E8C001004CF0774D44A0708D521F00401284662
:101E9C00019340F8D81B00F0D3F8019B22AF0193BB
:101EAC00C6F11008384600F0C3F802A800F0C8F8D4
:101EBC00D5F838C0019B4FEA4808604607EBC601CD
:101ECC0008F1FF3804394246013A50F804EBB2F1FC
:101EDC00FF3F41F804EFF7D10CF1040C0CEB880C2C
:101EEC0074B302AF59E7102A3FF612AF102E3FF42D
:101EFC000FAF0268D10707D522F00302019340F817
:101F0C00502B00F08DF8019B22AF0193384600F066
:101F1C0087F8D5F838C0019BFCB1A0460024CAE76D
:101F2C0023F0100300F5EC702B6000F0DBF886E773
:101F3C0023F0080305F5AC702B6000F0A7F85CE704
:101F4C00012B0AD00F2EC5F838C03FF6ECAE384640
:101F5C0000F06AF8E7E6944622AF0CF10403384629
:101F6C00AB6300F059F8DEE622A800F05DF833E729
:101F7C0021F001022846019342F0020240F8502B56
:101F8C0000F056F82A68019B12F0040F86D022F05C
:101F9C0004022846019340F8D82B00F051F8019B1D
:101FAC007CE722F0040240F8D82B00F049F8EDE66B
:101FBC000268D0070CD422AF0193384600F038F8F1
:101FCC00002CC4D0A046D5F838C00024019B72E781
:101FDC00052B01930AD122F00102284642F002029D
:101FEC0040F8502B00F024F8019BE4E722F00302A8
:101FFC00284640F8502B00F013F8019BDBE700BF9C
:10200C0000F1340191E838009C46A6464CF8045D7A
:10201C0090E8FF0FE54600BD90EC210B704700BF28
:10202C0080EC210B704700BF90EC200B704700BF79
:10203C0080EC200B704700BFD0EC200B704700BF2A
:10204C00C0EC200B704700BFF0EC0201F0EC021169
:10205C00F0EC0221F0EC0231F0EC0241F0EC025118
:10206C00F0EC0261F0EC0271F0EC0281F0EC029108
:10207C00F0EC02A1F0EC02B1F0EC02C1F0EC02D1F8
:10208C00F0EC02E1F0EC02F1704700BFE0EC020171
:10209C00E0EC0211E0EC0221E0EC0231E0EC024158
:1020AC00E0EC0251E0EC0261E0EC0271E0EC028148
:1020BC00E0EC0291E0EC02A1E0EC02B1E0EC02C138
:1020CC00E0EC02D1E0EC02E1E0EC02F1704700BF81
:1020DC00B0FC0181B0FC0191B0FC01A1B0FC01B1DC
:1020EC00704700BFA0FC0181A0FC0191A0FC01A1E4
:1020FC00A0FC01B1704700BFEC4600B52DE90050C3
:10210C002DE9FF1F4FF000032DE90C0001A9FFF78B
:10211C0087FBDDF840E012B0704700BFEC4600B51D
:10212C002DE900502DE9FF1F4FF000032DE90C00A5
:10213C0001A9FFF7B5FBDDF840E012B0704700BF16
:10214C00EC4600B52DE900502DE9FF1F4FF00003C0
:10215C002DE90C0001A9FFF7C5FBDDF840E012B03A
:10216C00704700BFEC4600B52DE900502DE9FF1F6C
:10217C004FF000032DE90C0001ABFFF787FBDDF8F6
:10218C0040E012B0704700BFEC4600B52DE900509E
:10219C002DE9FF1F4FF000032DE90C0001AAFFF7FA
:1021AC0005FCDDF840E012B0704700BF027A034630
:1021BC008AB9427AB2B14168013A4FF0030C10B4BB
:1021CC0042720C1D086883F808C002025C60000EA5
:1021DC0010BC1A6070470068013A1A720202000EB5
:1021EC001A607047B020704710B584B000230C22E1
:1021FC0003AC19460094FFF78DFB039804B010BD97
:10220C00FFF7F2BF2DE9F043002785B006460D46D7
:10221C002846FFF7CBFFB028044600F024810306C4
:10222C0038D500F0F003A02B00F083800CD8802B65
:10223C0060D0902B04D100F00D030D2B40F08F805B
:10224C00092005B0BDE8F083B02B68D0C02B40D17D
:10225C00C62800F0F580C72800F0088100F0F803CC
:10226C00C02B00F01581C82800F02081C928E7D1C7
:10227C002846FFF79BFF020300F00F0002F47022C8
:10228C0001300243012105233046FFF735FD0028BC
:10229C00BED0D5E783000DF108090D223046DBB224
:1022AC00CDF8009003F1040800231946FFF732FB28
:1022BC00029A60064FF000033046CDF800904CBFF8
:1022CC00A2EB08024244194602920D22FFF748FB8A
:1022DC009EE700F0F803D02BB2D100F007020523E3
:1022EC0001213046013242F40022FFF705FD00289F
:1022FC008ED0A5E724022846FFF758FF2043B0F5FF
:10230C00004F9DD0040100233046A2B21946FFF7BE
:10231C00F3FC002894D1C4F3C030074378E7A0F154
:10232C00B103042B00F2DE80DFE803F0815340366A
:10233C002D00C3434FF47F62010703F0070342FAF9
:10234C0003F202F47F6201D542F48042002330464E
:10235C001946FFF7D1FC00283FF45AAF70E70DF196
:10236C000808002300F00F0230461946CDF8008013
:10237C00FFF7D0FA00230D2230461946CDF8008025
:10238C00FFF7EEFA44E703AA002330460092194601
:10239C000D22FFF7BFFA3BE70023052130461A4612
:1023AC00FFF7AAFC00283FF433AF49E72846FFF7B4
:1023BC00FDFE0123020300F00F001946013002F468
:1023CC00702202433046FFF797FC00283FF420AF01
:1023DC0036E700230DF108090D2230461946CDF8D9
:1023EC000090FFF797FA2846FFF7E0FE0206029CE2
:1023FC004FF002080CD500F07F0000FA08F008F14D
:10240C000708044428460294FFF7D0FE0306F2D4D2
:10241C0000FA08F004F5017400230D220444CDF8F1
:10242C000090194630460294FFF79AFAF0E62846D7
:10243C00FFF7BCFE431E0246DBB20E2B86D9FFE62D
:10244C002846FFF7B3FE0323020300F00F001946E2
:10245C00013002F4702202433046FFF74DFC002895
:10246C003FF4D6AEECE66FB30020EAE62846FFF761
:10247C009DFE431E0246DBB20E2B3FF6E1AE00235F
:10248C0004213046FFF738FC00283FF4C1AED7E6F4
:10249C0000F00F02032330460132194642F4202289
:1024AC00FFF72AFC00283FF4B3AEC9E62846FFF735
:1024BC007DFE00F0F00200F00F031032013343EA0E
:1024CC000232DFE602AC3B4639460E22304600941F
:1024DC00FFF720FA0F223B46394630460094FFF7AF
:1024EC003FFAC1E700F0FC03B42B3FF4A9AE00F0B7
:1024FC000702012330461A44194642F40022FFF722
:10250C00FBFB00283FF484AE9AE600BF024603238F
:10251C000846D26C10B584B008328DF80C3001A985
:10252C0052F8043C1C021B0ECDE901428DF80D3013
:10253C00FFF768FE04B010BD08B5FFF761FE806CB4
:10254C0008BD00BF08B5FFF75BFEC06CC37900EB9C
:10255C008300083008BD00BF08B500F009F808B5C5
:10256C00FFF7FAFF704700BF5FF800F0F1D80010DA
:10257C005FF800F049C200105FF800F01D12001067
:10258C005FF800F0B54100105FF800F00541001055
:10259C00000000000101100000000000000000001D
:1025AC00000000000000000000000000101C0020D3
:1025BC00BC00011094000110E54900109D4C001066
:1025CC00FFFFFFFF00000200000000000000000001
:1025DC009816002098160020A0160020A0160020A7
:1025EC00A8160020A8160020B0160020B016002057
:1025FC00B8160020B8160020C0160020C016002007
:10260C00C8160020C8160020D0160020D0160020B6
:10261C00D8160020D8160020E0160020E016002066
:10262C00E8160020E8160020F0160020F016002016
:10263C00F8160020F81600200017002000170020C4
:10264C000817002008170020101700201017002072
:10265C001817002018170020201700202017002022
:10266C0028170020281700203017002030170020D2
:10267C003817002038170020401700204017002082
:10268C004817002048170020501700205017002032
:10269C0058170020581700206017002060170020E2
:1026AC006817002068170020701700207017002092
:1026BC007817002078170020801700208017002042
:1026CC0088170020881700209017002090170020F2
:1026DC009817002098170020A0170020A0170020A2
:1026EC00A8170020A8170020B0170020B017002052
:1026FC00B8170020B8170020C0170020C017002002
:10270C00C8170020C8170020D0170020D0170020B1
:10271C00D8170020D8170020E0170020E017002061
:10272C00E8170020E8170020F0170020F017002011
:10273C00F8170020F81700200018002000180020BF
:10274C00081800200818002010180020101800206D
:10275C00181800201818002020180020201800201D
:10276C0028180020281800203018002030180020CD
:10277C00381800203818002040180020401800207D
:10278C00481800204818002050180020501800202D
:10279C0058180020581800206018002060180020DD
:1027AC00681800206818002070180020701800208D
:1027BC00781800207818002080180020801800203D
:1027CC0088180020881800209018002090180020ED
:1027DC009818002098180020A0180020A01800209D
:1027EC00A8180020A8180020B0180020B01800204D
:1027FC00B8180020B8180020C0180020C0180020FD
:10280C00C8180020C8180020D0180020D0180020AC
:10281C00D8180020D8180020E0180020E01800205C
:10282C00E8180020E8180020F0180020F01800200C
:10283C00F8180020F81800200019002000190020BA
:10284C000819002008190020101900201019002068
:10285C001819002018190020201900202019002018
:10286C0028190020281900203019002030190020C8
:10287C003819002038190020401900204019002078
:10288C004819002048190020501900205019002028
:10289C0058190020581900206019002060190020D8
:1028AC006819002068190020701900207019002088
:1028BC007819002078190020801900208019002038
:1028CC0088190020881900209019002090190020E8
:1028DC009819002098190020A0190020A019002098
:1028EC00A8190020A8190020B0190020B019002048
:1028FC00B8190020B8190020C0190020C0190020F8
:10290C00C8190020C8190020D0190020D0190020A7
:10291C00D8190020D8190020E0190020E019002057
:10292C00E8190020E8190020F0190020F019002007
:10293C00F8190020F8190020001A0020001A0020B5
:10294C00081A0020081A0020101A0020101A002063
:10295C00181A0020181A0020201A0020201A002013
:10296C00281A0020281A0020301A0020301A0020C3
:10297C00381A0020381A0020401A0020401A002073
:10298C00481A0020481A0020501A0020501A002023
:10299C00581A0020581A0020601A0020601A0020D3
:1029AC00681A0020681A0020701A0020701A002083
:1029BC00781A0020781A0020801A0020801A002033
:1029CC00881A0020881A0020901A0020901A0020E3
:1029DC0000000000030000008C1F0020B01A002033
:1029EC00000000008C1F0020F41F00205C20002041
:1029FC0000000000000000000000000000000000CB
:102A0C0000000000000000000000000000000000BA
:102A1C0000000000000000000000000000000000AA
:102A2C00000000000000000000000000000000009A
:102A3C00000000000000000000000000000000008A
:102A4C00000000000000000000000000000000007A
:102A5C00000000000000000000000000000000006A
:102A6C00000000000000000000000000000000005A
:102A7C000000000000000000010000000000000049
:102A8C000E33CDAB34126DE6ECDE05000B0000000E
:102A9C00000000000000000000000000000000002A
:102AAC00000000000000000000000000000000001A
:102ABC00000000000000000000000000000000000A
:102ACC0000000000000000000000000000000000FA
:102ADC0000000000000000000000000000000000EA
:102AEC0000000000000000000000000000000000DA
:102AFC0000000000000000000000000000000000CA
:102B0C0000000000000000000000000000000000B9
:102B1C0000000000000000000000000000000000A9
:102B2C00481F0020242100200000000000000000AD
:102B3C00D3DEFFFFFE010000FF010000FCD5FEFF0D
:042B4C00793512AB1A
:040000051000014D99
:00000001FF
